content,level
鞋子很轻盈，穿上去很合脚，十分值得信赖的产品！,1
包裹性很好，底子也软，明天跑步试试。,1
旗舰店买的还是比较相信的，码子挺合适的，送人的，感觉还不错的样子，总之是推荐的，买的时候刚好有活动，会便宜一点，但是也不知道平时的价格如何。怕我替哦我饿林业局哈我咋联系咯我现在去找你啊就是那个男的估计亏了我卡提肯么可以胡总,1
跑了两天之后来评价，减震感觉很好，对于体重比较大的我来说，在塑胶跑道穿这双跑起来毫无压力，买的大一码半的，松紧很舒服！,1
真，心不错??对得起这个价钱，我现在发现越贵的反而没有平宜的好穿、真是不明的什么原因，我买了八百的还不如三百多的脚感好、越来越爱这个品牌了，已经买了不下十对了，以后也会继续支持你们的,1
特意试穿了一会脚感很好，透气包裹性很强。走路跑步也不会觉得脚在鞋里滑动。一直想买双亚瑟士的，这白色的还蛮百搭的。做工真不错。没什么瑕疵。这个价位的鞋都还是亚瑟士的穿着舒服。有支撑，完全入坑了，以后还会入手的,1
挺舒服的，脚宽建议买大半码,1
很漂亮的鞋子，好几年都是穿这个牌子的跑鞋，很舒服的。满意。,1
鞋子总体还可以，穿着也挺舒服??,1
到货快，包装完好，鞋子大小合适、颜色很白，做工精细。,1
对亚瑟士关注很久了，第一次买先买双便宜的，没有让我失望，非常非常好的鞋,1
Convenient Logistics.Honestly speaking，it's the first time I've tried Asics and it's given me the surprise that I never expected before， a real running smasher，perfectly suits Asian feet with a similar experience with Ultra boost. BTW do wear your long socks that cover your ankle or your ankles gonna get scratched!,1
帅气,1
包裹性好，脚底感觉好！第一次穿，性价比高！,1
鞋子不错很舒服，鞋底挺厚也很有弹性，物有所值啦,1
鞋子刚收到，没有什么难闻的气味，这个价格很不错，款式很好看。性价比相对很高，试穿了一下感觉也很好，，透气不错，特意买的白色运动鞋，适合现在穿，百搭，快递第二天就到了，小客服也是一直耐心讲解。五分好评,1
东西超级好，老公很喜欢。我还会买一双,1
跑起来很舒服。穿在脚上软弹软弹的，穿上就想出去走一走，要是有钱我就一下买两双。愿天下跑狗都能有一双xxx同款。,1
十公里内跑还是内问题，包裹性不错，做工业还可以，应该是正品路感有点硬，有点烧脚，再有就是白色不耐脏,1
很好看，很轻便，鞋底很软，就是圆通快递出了点问题,1
这双亚瑟士版型是很好看，踩实感很棒 290的价格也值了,1
蛮好的 一直在这家买,1
亚瑟士跑鞋比同价位的ād和NIKe都好穿,1
舒服，走了两天路，缓震效果明显，同时，外形流水美观，后续跑步时再看看效果,1
跑了两天了，还可以。比我以前的帆布鞋跑起来舒服，脚也不痛。,1
不错不错舒服,1
鞋子做工好，客服建议尺码准确，40号的脚，要买40.5号的。女生穿，也不显脚大。,1
五星好评，之前不相信，穿到脚上去跑了一下试了试，真的非常舒服。把整个脚包裹得很好，跑回来很轻松，有弹性，减震好。而且最棒的是客服态度非常好，买了三双鞋子，有一双因为鞋号不太合适换了一双。客服耐心解答问题，态度非常好，很快完成了换货，而且换回来的鞋子也是认真包装。三百多，性价比还是很高的，一次不错的购物，以后也会继续关注的。,1
物流算快的了 给男朋友买的七夕礼物希望他会喜欢,1
质量不错，很喜欢，客服服务也好。发货速度非常快，包装非常仔细、严实，物流公司服务态度很好，运送速度很快，很满意的一次购物,1
很舒服，跑步也很爽，下回买kayano,1
鞋子不错是正品，挺好看挺轻巧的，上脚后和以前穿过的跑鞋相比跑起步来缓震感明显，不是那么容易感觉到脚步疲惫，可以说是很舒适了，这个价位作为一款入门级跑鞋值得尝试一下，推荐购买,1
鞋刚收到。质量不错，穿着舒服，美观大方。好评吧!,1
昨晚收到，今晨试穿了感觉包裹性很好，脚感舒适有缓冲效果。担心牢固度，只有二个月后见分晓。每天塑胶跑道5km，破了走三包流程。若质量坚固也向广大跑友推荐。,1
不好意思，确认晚了，主要是等小孩试过后保险，小孩说不错，哈哈,1
给爸爸买的 脚穿进去还蛮好 就是他说在地面上走路有声音。。。,1
质量很不错 跑步穿很舒服 还会光顾,1
不错，老公说鞋子穿起来很舒服，,1
买来跑步的！质量还不错！,1
买给男盆友的 还仪式感了一下 给他感动坏了 鞋子很好看 穿上很舒服 没有41码 买了大半码的 怕会大 没想到正好,1
发货很快&hellip;因为下雨耽误晚到了几天&hellip;物美价廉很舒适，轻便，透气性也好&hellip;第一双亚瑟士的跑鞋！,1
跑步感觉很棒。,1
鞋子很舒服，满意，还会回购。,1
跑起来很舒服 很透气了很赞很赞 但是我懒得拍照片了??,1
穿着很舒服，鞋子很轻、鞋底比较软、就这事物流速度不敢恭维！,1
还是依旧的好，下次还来哦,1
我靠！真舒服.....满意,1
多次购买了，不言而喻了,1
鞋子不错一下子买4双，看好你家,1
穿着很舒服 也很软 非常好??????,1
不错 爸爸妈妈很喜欢,1
码子很正很好看,1
舒服的一批这个鞋子,1
跑步很好的一款。包裹性确实不错。比较软。适合慢跑。特地跑过再来评价,1
还不错，和以往一样优秀,1
买小了，退换了一双。买来跑步穿穿！白色很好看，当时肯定不耐脏的。 东西很不错，后面可忽略！ 东西收到以后马上查看，发现与图片描述一致，超级喜欢，，服务也很到位，点个赞，下次还会来购买!,1
不错的一款鞋子，,1
当当当当！完美的一匹！看情况，会再买一双白色的。dddddddd dddddddd（西游记背景音乐 ） 真的可以入手了，真的 。 还阔以嘛反正，不撇。 这个价格可以了 又想要大牌又想好看还想便宜还想穿到舒服??? 你怕是在做梦??（至少这双鞋基本达标） 所以，入手吧，各位。话不多说，赶快下单！,1
听说码小，结果买大一码。穿着效果不错，挺舒服的。,1
鞋真的不错，穿着特舒服，鞋底很软，当晚就穿着跑步去了，跑完脚一点不累，果然是专业跑鞋。,1
穿着还行   样式也挺好 不知道穿一段时间咋样,1
圆通真的巨慢，七八天才到c(｀⌒&acute;メ)ノ以前在淘宝_.上买东西都是系统自动好评，基本没认真评价过，不知知道浪费多少积分了，现在才知道淘宝评论积分可以涨气值呢，这才知知道好评的重要性。这个福利实在太赞了，妥妥的每条都来评论下，赚积分，下次还能抵现金用。评论80个字以上，可以得到50个积分从此我无论买什么东西都会把这个段话复制粘贴下凑够字数，然后再填写商品的评论!东西非常好，是正品，包装用心买回来直忘记评价不好意思本来这个价格没抱很大希望，收到时候发现质量出乎意料的好，和图片描述的一-样，超级划算性价比也很高六星好评多星不怕你骄傲还在犹豫的朋友赶快下手， 良心推荐!真的很好很喜欢，性价价比七较高，质量也好在别的地方看很贵。以前在淘宝_上买东西都是系统自动好评，基本没认真评价过，不知知道浪费多少积分了，现在才知道淘宝评论积分可以涨气值呢，这才知知道好评的重要性。这个福利实在太好了。   掌柜回复：那些长长浅浅细细密密的思念，就像一粒粒断了线的珍珠，颗颗饱满而敦实的散落在思绪里的每个幽暗角落。然而思念是一 种蛊惑，任凭我跋山涉水，依然无法逃逸。期待亲下次来的的那一   问刻。。。,1
鞋子穿起来超级舒服也好看，支持亚瑟士,1
it looks better than i thought but 40.5 got a little bit small，41 would be better,1
很漂亮，试穿了一下，合脚。不过还没去跑步，好穿再追评。,1
包装很简洁，非常轻~儿子是个大胖子 ，衣服只要码数够能穿 ，他就不挑了 ，但是对鞋子特别挑/各种途径买过好多运动鞋 。价格也在200-500之间。之前朋友正好有亚瑟士的鞋子，送了一双 。对比各种鞋子 ，他还是选择了这个品牌。这款白色的前脚掌处比较宽 。他穿了更舒服一些。 黑色的前脚掌处稍微小一点点，刚刚好 。已经穿了一段时间 。两双鞋子的质量都没问题,1
质量不错，百搭休闲，好看,1
特别特别棒，客服也特别棒，只能说，最近买的鞋里，就这双最好穿，最舒适，夏天穿也不热，,1
穿上跑了两次，非常不错，缓冲性能很好。夏天有点点捂脚，不过上脚非常舒服。,1
可能是码数 偏小吧。我老公平时45。然后穿46竟然觉得正合适呢。会回购的。因为他说特别舒服。适合他的鞋子不多，他属于扁平足。平时穿皮鞋都难受的。蛮好的。活动买很合适价格也合理。喜欢。好评好评好评，，，好评好评好评好评好评好评好评好评好评好评好评好评,1
买给爸爸跑步的 还不错,1
鞋子收到了，是正品，孩子说鞋底很软，值得信赖,1
很漂亮，第一次买白鞋子，还会再来光顾的,1
穿着正好舒服。,1
非常舒服，鞋型漂亮！,1
跑完过来评价一下，超级棒的鞋，底很软啊！超出我的想象，脚后跟着地很舒服，穿着鞋跑步简直享受，物美价廉，性价比超高,1
鞋子飞速的回来了，迫不及待的开了封，感觉不错，老公还没穿呢？打开时稍有点味？等老公穿出去走走看是否合适舒适，再追评！物流快，态度好！好评！,1
不错??码数够，价钱公道，质量杠杠的，值得回购～????,1
穿上试了一下，非常好，很好看，很不错！,1
鞋子到了，质量很好，穿的很舒服。买小了一号，老板态度很好，马上就给换了。价廉物美。快递很快。很满意好评。以后还会光顾。,1
第一次用亚瑟士，美津农有两双了。喜欢亚瑟士时尚的外形，包裹性很强，踩屎感还不错.鞋子偏小至少要买大一码以上真的 透气性比原来我的美津浓差一点 总体还算行吧,1
鞋子还不错  穿一段时间再来,1
鞋子很舒服 穿上也好看 客服和物流都很棒,1
我爸爸非常喜欢,1
挺好的 潘棵氡淠猩窆哈哈哈哈哈 穿上很舒服  强调一下 我是认真的,1
刚到，试了下，很舒服。 嗯，明天开始跑。,1
老哥很喜欢呢，说是很轻，不愧是跑鞋之王，真的不错，样子也好看，夏天白色清爽,1
鞋子非常好,1
鞋外形不错，材'料可以，给儿子买的鞋，具体穿着感受不知，问儿子只说还可以。,1
感觉还不错，穿后追评,1
两天到货，物流很快，第一次买亚瑟士的鞋子，样式还好，试了一下，穿在脚上很舒适，透气减震，鞋子不重，走路带风，亲身体验，后续追加,1
鞋子不错，快递员服务也很好,1
他们的客服很可爱，很天真，白甜。,1
收到宝贝是激动的，拆开看到也是我想要的样子，想着应该也会挺不错的，反正喜欢就好了，对吧！哈哈哈哈！,1
买给男朋友的，非常好看，尺码刚刚好，非常裹脚，穿起来感觉舒适。,1
质量非常nice。穿起来很舒服，包装什么的都很不错，跑步鞋里算经济实惠的，,1
很舒服，合脚码数，,1
挺好de,1
正品，现在穿有点热。穿了一会就脱了 秋天以后会很好。,1
一双小白鞋，让我乘着轻快的心情来到美丽的海滨城市，阳光沙滩大海。一切都是那么的美好，谢谢谢你，我的小白。,1
很舒服，剩下的让时间验证吧！,1
速度快快，脚底，减震好，，特别快，好用，很好用还好还好哈哈哈哈哈哈哈哈哈哈哈high哈哈哈哈哈high,1
穿着跑步不错，老公说穿上就停不下来了，一口气跑了五公里。样式也好看。与nike比，可能鞋底有点硬,1
穿了一个星期了来评价一下，鞋子基本上可适用于各种强烈运动，鞋底特别防滑(尤其是下雨天)，鞋子很轻便，然后性价比很高，比实体店便宜很多，客服服务态度也很好呢总之很满意这次的购物体验！,1
穿着舒适减震好并有一定的回弹性。,1
父亲节送的礼物，公公一双，爸爸一双，很适合。穿起来特别舒服。下次有活动还会考虑这牌子，亚瑟士的鬼冢虎就很喜欢，有一双，跑鞋款这次也爱上了，老公买一双都舍不得脱。,1
嗯  有个鞋垫 减震可以 鞋还是比较防滑 整体还是很轻的 但支架很稳 就造成包裹性一般 鞋带需要自己调整 白色很好搭 就是需要注意防脏了  总体来说还是对得起这个价位的  体验感呢 低配版的跑鞋还是这样的 一般 透气性还可以 要注意袜子搭配  嗯目前就这样  有问题再说 然后给个4星吧,1
当看到这双鞋子和价格后格外兴奋，终于找到了自己心仪已久的鞋子，看了看店铺直接就下单了，当看到看评价说鞋子偏小，担心买来不合适，还好我脚瘦点，松松鞋带就好了，如果脚肥一定要买大半码或一码，开箱一看布料显得很low，上脚效果很好，舒适鞋底软，总体来说值得购买，物美价廉,1
酷炫。。250刚好合脚。。跑跑再看,1
这个价格可以买到赚到了哈哈哈鞋子很棒！,1
穿起来很舒服，跑起来应该更爽吧，期待,1
鞋子很好，穿着很舒适，颜色和款式都非常好，穿着也不脚臭，总体来说是一次非常满意的网购,1
鞋穿起来感觉不错！唯一遗憾物流太慢！,1
鞋子非常好，穿着非常舒服,1
鞋子除了收到时味道比较重以外，其他方面都不错。尺码大小刚好，穿着也还舒适，鞋子版型挺好的。 发货和到货都挺快的。,1
嘻嘻嘻鞋子之前就到了，我还出去试了试感觉，这鞋穿起来脚感还不错呀。果然白鞋和黑色宽松裤子搭配好看，穿起来感觉很奈斯。唯一担心的是，因为这鞋是网格透气的，怕它撑不了多久就脏了呀。求大家支招怎么保养小白鞋??,1
经历了两次换货终于穿上了，我感觉很舒适，包裹性很好，透气性还好，整体颜值很不错，很感谢客服一次次的接待，支持！,1
意外的收获增高效果，很棒,1
第一次购买亚瑟士，感觉不错，以后还会来的,1
预期之中～中午到下午就穿去上课了&hellip;&hellip;脚感舒适，挺透气的，走起来很轻盈，打球也很爽。总体上很满意，物流也快！虽然第一次买亚瑟士的产品但是其质量已早有耳闻。果然果然，我会继续支持亚瑟士的产品的！！,1
入门款，鞋底还是很软，个人觉得不丑，很舒服，我们家买了三双了，不能穿船袜，必须要配高的袜子。性价比高，并不是夏季轻薄款，略热但能接受。,1
给孩子买的鞋子，孩子很喜欢，很满意的一次网购，会继续光顾的，卖家服务态度很好，物流很快好评,1
给老爸老妈买的，码数很正，他俩很满意，亚瑟士的鞋很放心，就是不知道天猫靠不靠谱，不靠谱也已经买了好几双了呵呵呵哈,1
很好看 不知道耐不耐脏,1
看评价，惨不忍睹！ 说说我的感觉吧！首先，我是穿皮鞋41码，阿迪达斯穿41.5码，我还是买了亚瑟士41.5码，正好！很多品牌是没有41.5码的！没有其它评价里说的大一码之说！我属于中等脚，不肥也不瘦，所以穿起来，正好！脚肥不建议买，脚肥买大一码的鞋，脚感会好吗？鞋底较软，走起来挺舒服的，两百多块钱，还是比较适合合算的！满意的一次购物！,1
第一次穿亚瑟士，买的入门款，看大神说boost的跑步伤膝盖，特地买一双，拿到第一时间包装真low，开箱第一时间，那个胶味，简直浓了，不过上脚一瞬间惊艳到我了，感觉有个气垫一样，出门跑了5km，跑起来唯一就是老感觉右脚鞋带散了一样！跑步感觉还不错，感觉超值，那么便宜，效果还那么棒,1
包裹性很强，鞋底鞋面十分厚实，好看。但是踩屎感目前没有感觉出来。手指按压好硬啊。。跟boost根本比不了 200多要什么自行车 鞋底应该十分耐操 (比boost的橡胶低要厚的多)整个鞋底厚3.5cm 后跟也很舒服。主要还是值 值 值,1
换了一个尺码的，穿着果然舒服多了。鞋子挺好看。还没试跑，等跑跑看看效果。,1
宝贝很棒，穿着很舒服，跑起步来相当轻快，假期终于可以好好地跑跑步了,1
一如既往的好，第四双了，还给退了差价，没毛病&hellip;&hellip;,1
我平时穿阿迪 NIKE穿40 正好 这款鞋子建议41.5的 开始拍的40.5的有点挤脚换了41.5的 很完美 就跑步穿穿 很舒服 客服很耐心,1
穿着舒适&hellip;老公的脚太大鞋子很难买到&hellip;这次有活动又有他的码果断下手&hellip;赞的,1
很漂亮的一双鞋啊～第一次买亚瑟士就有种相见恨晚的感觉 鞋子不仅外观很漂亮穿着也很舒服，性价比非常高，强烈推荐了 快递也非常快的哦,1
还不错仔细看了看鞋子没有开线多胶什么的，比我预想的好，跑步五公里感觉还可以还挺舒服的，第一次买亚瑟士希望能耐穿,1
鞋子很好看，穿起来很舒服，特别软，有弹性，感觉以前的鞋子都买亏了。,1
穿一个月再来评价鞋子的质量问题、目前看不出来、做工各方面还是精致的、很让人满意、毕竟价格便宜、,1
还好还好，选鞋大一码刚好一指空隙，跑起来应该不错吧,1
之前穿过亚瑟士的休闲鞋   跑步鞋第一次穿   真的很舒服    真心推荐    买的白色超级好看  超级不错,1
鞋子还好，就是客服（桃子）太low，要么一问三不知，要么牛头不对马嘴，太影响网店形象了。,1
一直都是买这个牌子的鞋子，价格还有点小贵，活动价格希望还能再实惠点,1
亚瑟士的鞋子穿起来很舒服，41.5的尺码很贴心5分好评了,1
很好 亚瑟士名不虚传 穿着特别舒服 跑步轻快,1
鞋刚穿着有点硬，越穿越软，特别舒服，性价比超高,1
鞋子很不错。穿着很舒服。脚感很好。值得一买。,1
鞋子质量很好的，跑步很不错的性价比很高，值得购买,1
鞋子弟弟穿上很舒服，大小也正合适，不错！,1
6-18买的一双耐克一双美津浓两双asics.老人岁数大了脚不受屈，今年一起给老爸买了4双都留下了，asics白色的性价比最高，黑色的秋天穿，耐克貌似鞋面有点低不过是气垫的没舍得退,1
特地穿着跑了两天，很不错的鞋子，很轻很舒服。真心不错，推荐购买,1
入门版跑鞋，性价比非常好，鞋底回弹充分,1
鞋子是真的舒服，缓震效果很好，外形的话我个人就得完全是可以的。这鞋有许多优秀的地方，首先透气，网面的确使人不会在穿着过程中觉得闷。然后是穿的方便，最后是我提过的，缓震做的特别好，可能在部分细节上稍微低于阿迪达斯的boost，但是不得不说gel总体还是比boost成熟很多不全不输于boost。试想花了阿迪达斯一半没到的钱却买到了性能和其一样的鞋，何乐而不为,1
很舒服，而且鞋子也很有型 不容易变形 鞋底软 轻,1
鞋子颜值挺高的，穿着舒服，很有弹性,1
自从买了亚瑟士以后，每年都会买，不仅自己和家人穿，还帮同事朋友买,1
鞋子很棒，第一次买亚瑟士的鞋子，优惠后212买的。平常穿42，但是这双大小可以，就是偏瘦，就换了42.5的，感觉轻快了许多。从下单到拿到换货后的前前后后用了16天，还多了换货邮费，这是我买东西第一次换货，第一次用这么久。换其他的我直接退。不过这个真心感觉做工质量好不舍得退，五星吧,1
穿了一段时间。买的码相对脚来说比较宽松，所以一般作日常和慢跑穿。脚踝处包裹感强，透气性适中，鞋底比较有弹性，踩在地面有不错的反馈感。作为入门级还是不错的。,1
对得起这个价格 跑了几圈 很轻便 缓震谈不上 毕竟一分钱一分货,1
看起来不错，跑跑步在来评价5星,1
质量非常好，穿着特别有气质，而且百搭,1
鞋很好，收货也快，建议买大一码的,1
鞋子还是不错的，挺好看的，穿着也比较舒服,1
鞋子不错，包裹性很好，很舒服，物流超级给你，五星好评,1
感觉还不错弹力十足，感觉跑起来比走路舒服,1
380买的，上脚踩了，前掌和后跟还是有点感觉，应该是有gel胶，还没跑起来，不过个人感觉接近四百的价格，李宁的旗舰跑鞋应该不输这个，毕竟入门亚瑟士鞋底橡胶，网面布料不咋样，还是越南产，以后还是试试国产，以前土豪的一段时间买过亚瑟士k22，感觉还是非常好的，还是努力挣钱买高端吧??,1
包裹性强，鞋底很软,1
给男友买的新鞋  很透气,1
鞋子没得说  绝对好  鞋底太软了   透气性高   我喜欢  乘着活动真的好 划算  我以后可能要去亚瑟士的坑了 上边的小污渍 是打蚊子时弄上的  气死了  有人知道怎么洗掉吗  呜呜呜  我的新鞋,1
客服推荐的码数刚刚好，弟弟很喜欢穿着很好看,1
看了好久，终于下手了，拿到手果真没失望，做工很细，鞋很轻，穿起来很舒服，而且网面很透气，非常适合夏季穿着，这个价格，性价比贼高了，喜欢的别犹豫赶快下手吧,1
宝贝已收到穿着很好，很舒服。,1
鞋子很满意了 脚感舒服 外形也好看 穿起来有弹性 唯一不足是  没走几步  鞋侧面就有褶皱了,1
我妹一直穿这个牌子的鞋，上脚舒适，非常耐穿,1
试了一下非常好，客服推荐的尺码也非常合适，对11号出去调研充满期待了！,1
鞋子很好看。夏天穿着特别凉快。很喜欢,1
给儿子买的缓冲型，买了就穿去厦门玩了，他说好穿的，有需要还会再来的。,1
不错不错很好用行性价比可以很耐用,1
适合夏天穿，可以。老公很喜欢,1
很舒服！也很好看！超过我的预期，很好的一双鞋子！,1
挺好穿的，底很软，推荐大半码,1
鞋子码数正，很舒服,1
鞋子穿着很舒服,1
真不知道这个鞋子怎么的，一样品牌上次我买挺合脚的，这次又小这么多，上次买同样亚瑟士41.5合脚这次在你家买的就小这么多，难得还难得退了,1
第一次穿亚瑟士，买的入门款，看大神说boost的跑步伤膝盖，特地买一双，拿到第一时间包装真low，开箱第一时间，那个胶味，简直浓了，不过上脚一瞬间惊艳到我了，感觉有个气垫一样，出门跑了5km，跑起来唯一就是老感觉右脚鞋带散了一样！跑步感觉还不错，感觉超值，那么便宜，效果还那么棒,1
第一次买亚瑟士的鞋，以前总是不喜欢亚瑟士的配色，好不容易逮到一双纯白的果断入手，穿了小半个月了，脚感很舒适，上楼梯和跑步的时候相比于耐克踩屎感很强，网面也很透气，鞋底面积大不易崴脚，踩在地上很踏实，以后还会继续买亚瑟士的鞋的。客服Yami服务点个赞。,1
买给我老公的，他现在天天穿??,1
穿了一个星期才评价的，性价比高，鞋子没有什么难闻的气味，这个价格不错了，样式都还是很好的，穿起来感觉也很好，唯一不足就是开始的时候脚后跟有点磨脚后跟， 不过还能接受，透气也不错，夏天挺适合穿个白色运动鞋的，百搭，总体是满意的，物流2天就到了，给五分好评了。,1
换货一次，质量不错，价格合理,1
孩子最喜欢的鞋子,1
不错不错，大小正合适,1
这款跑鞋真的就是我找了很久想要买的款式，白色挺时尚的，穿着也很舒服，比我在外面买的还要实惠很多，也很轻跑步健身都不错蛮方便的，嘻嘻，喜欢这个款式，很不错的一双鞋，很有特点。这双鞋透气，整个鞋身都可以起到通风换气的效果，穿上去不会使脚过于干燥，也不会起汗，没有脚气。鞋子还很轻巧，鞋底的设计也会减小走路时用的力气，很不错。感觉这个就像轻泡的感觉，所以还是很耐磨的，也十分透气，跑步的绝佳选择！而且价格还过得去很实惠啦！鞋子颜色造型很喜欢，底部比较有弹性，穿在脚上很舒服。其次，鞋面是网面的，看起来比较结实，也很透气。,1
鞋子好看，穿着很舒服，太显脚小了，39跟36似的。我用来室内健身的，没有试过走远路，脚宽的人选大一号刚刚好，推荐的太合适了～,1
非常满意,1
感觉还不错，室内跑穿了还不错，室外跑穿了再来评价。,1
穿起来很安jio，第一天穿着去室内训练就很舒服，也很轻便透气，看着颜色很舒服，也还算耐脏的材质。物超所值吧。,1
第一次买亚瑟士，做工很好，路转粉，脚后跟踩上去很软，白色百搭，晚上去健身房跑步试试效果。,1
穿着还可以,1
棒棒哒，鞋底软,1
以前给老公买过这个牌子的鞋子，老公反应穿着舒服，这次给儿子买的，希望和那双一样舒服就好，先给好评吧,1
第一次买asics，感觉很轻便，非常舒服，后跟可以踩下去，很软。加上便宜的价格，非常超值。,1
鞋子穿着很舒服颜色外观设计很好品质质量很棒618入手值得购买。,1
很棒，我很喜欢，外观好看舒适度好,1
鞋子很好  就是发货实在太慢了,1
618活动期间买的很划算，买来给爸爸跑步穿的，上脚效果很好，据说穿起来挺舒适，已经在这个店铺买了好几双鞋了，每双都很不错，发货也很快，会继续回购的,1
这鞋穿上非常舒适，用料也比较好，很轻鞋垫很软，反正活动优惠，非常划算的一款鞋子！,1
第一次买亚瑟士，上手感觉还是挺不错的，第一印象就是喜欢，质地好，做工精致，合脚舒服，喜欢运动不二之选（当然还有其他品牌耐克等当然也很好了）。穿穿看会不会耐穿,1
已经是第三双了，上脚舒适。,1
鞋子外观还好，版型很瘦，购买时建议买大一码的。这个季节买这鞋也不是很凉快，有点捂脚。鞋子质量待我穿段时间再来评价。客服态度不错??,1
有轻微的踩屎感，活动前一天买的，收到货后退了差价，好评,1
鞋子虽然便宜，但是穿着挺舒服的，脚宽的可以选大一码，黑金搭配特别好看,1
目前还没什么问题 好评,1
嗯&hellip;包裹性还不错啦 鞋子很好看 主要是奔着好看买的 如果是想专门买来跑步还得考虑,1
又买了一双40的，穿着正好，超舒服，我把40.5的给我妈妈穿了，就是第一双买的有点贵，这次活动挺划算,1
鞋子版型很好，和想象中的透气性有点差异。打开后有股胶味，应该是没有经过通风处理。越南鞋都这样 ，耐克也有越南鞋。穿上很舒服，这个天穿很热，还是留到春秋天穿吧。总体还可以,1
还没有穿，感觉还不错,1
非常好，无可挑剔。穿着很舒服，而且上脚超级帅，无敌??,1
买给老爸穿，平时穿40，这个买的40.5，老爸反应很合脚，很舒服，第一次买亚瑟士的鞋，挺好，以后还会追购亚瑟士品牌的鞋，！,1
全部五星，之前从国外带回来了一双asics鞋。孩子穿了以后，觉得穿着很舒服，就在网上查查看，居然找到了，很开心。一下买了俩双，宝贝看起来还不错，没有异味，摸着也还不错，希望不要让我失望，好的话以后会常来买的。,1
为数不多有46号的跑鞋家，鞋底超厚，样子也不错，质量也很好，穿过鬼冢虎的很多鞋！46号脚真烦～,1
我一双，爸爸一双。包裹性比较强，平时穿37.5这款买38都正好。,1
哇第一次穿亚瑟士可以说是特别的赞了 踩屎感还是有的 穿的特别舒服 就是焦味有点重 外形ok 等穿过之后再来追评啦 真的一级棒噢(??￣ ?? ￣??),1
特别特别舒服的跑鞋 这个价格真的很值 鞋底耐磨 好的品牌真的是不一样,1
穿着新鞋跑了个8公里，感觉很好。亚瑟士的鞋鞋面较紧，建议买大半码或一码，否则会明显感觉挤脚。大小合适的话，穿着非常舒服，弹性很好，对脚有一个较好的缓冲保护作用。好鞋！！！,1
第一次买这个牌子的鞋，码数刚好，很舒服很轻巧，现在就看质量如何了，好的话以后会常来～,1
鞋穿着很舒服，略显瘦长，底很软，但这样也只能在很平的路面行走，如果是石子路或坑洼路面，脚感就不好了。,1
上脚感觉还不错，朋友介绍的第一次买，外观比较一般，希望不会让我失望,1
穿着轻便舒服，外观前头有点显脚大.脚宽，能接受，喜欢??,1
明明在旗舰店买的，但是收到后确发现是伟伦运动发的货，问了客服，他就说这家店也是正品，但是我只选择旗舰店买，哪怕价格比伟伦这家店标价贵，就是因为相信货源啊，但是现在是花了高点的价格买了一样的货，无语,1
新手菜鸟用来慢跑的，非常满意，不知道它的弹力能维持多久，相信这个牌子，以后升级跑鞋还会选择的，感谢,1
非常棒，穿起来又好看又舒服！无敌！,1
优点：拿回来就穿了，很舒适，走路很舒服，确实比我买的耐克鞋子穿着舒服。实话哈。 缺点：很大的胶味道。,1
一下子买了三双，版型不错，穿着很舒服，老婆说好看，物超所值了，好评。,1
说好七天退换，一天都不给换了，鞋底一点磨损都没有,1
做工没有问题！脚感不错，毕竟是缓震的支撑效果不行，日常穿还可以！,1
不错，很好的鞋子,1
鞋码很准  买过来穿起来了很合适  希望质量好点 让我穿着它跑步减60斤,1
不错，真的有踩屎感，包裹感很强，跑起来有回弹力，就是感觉看上去有点宽。,1
第一次买亚瑟士的鞋，之前朋友穿过复古版的感觉很不错，这次买回来上脚还可以，很漂亮。,1
特意买来跑步的，这个夏天一定要好好减肥。今天说去跑步的，突然就生病住院了，不过没关系，还是祝福学弟们高考顺利。,1
不错，下次还会再来,1
就是鞋底有点硬，不是很舒适，其他还好！满意满意满意满意满意满意满意满意满意满意满意满意满意满意满意满意满意满意满意满意满意满意满意满意满意满意满意满意满意满意满意满意满意满意满意满意满意满意满意满意满意满意满意满意满意满意满意满意满意满意满意满意满意满意满意满意满意满意满意满意！,1
还行挺好看的 ，主要是便宜 本来今年夏天买了三双鞋了！看这个便宜又买了 穿的有点脏,1
不错，挺轻快的。脚底很轻盈，晚上跑步试一试，型不错，休闲穿也可以的,1
刚拿上快递，穿上还可以，鞋垫子是普通记忆棉吗？和n18看起来有点相似。,1
鞋子不错，穿着比较柔软舒服，也比较好看。618活动很划算!,1
现在才评价是因为换货了，黑金的如果底是黑色的会好看很多，白底的反而有点low。换成白色黑斑点的了，好看多了。穿起来很舒服，明天试一下跑步效果如何。,1
第二次买了，很好,1
跟我安踏42码的比，有点裹脚，很轻，鞋头部分是网状，白色很好看。,1
鞋子不错.......实惠.......才200米，618买到就是赚到......,1
款式好看，白色的超级清爽，GEL 材料应该是棒棒哒，入门级的还要什么要求,1
很好，显得脚小,1
现在才来评价，鞋子已经穿了几次了，还可以，至于正不正就不知道了，不会看，但现在穿着还不错,1
到货就打开，有胶味，款式不错。穿上舒服，很轻很稳定，活动不贵。,1
刚拿回来鞋子的气味还是挺大的，放几天几天就可以了，穿起来挺舒服的，不错??,1
很大像篮球鞋一样呢。跑步还是很轻便的。有点回弹。,1
产品质量不错，设计合理，对慢跑真起到保护作用！,1
不如第一次买的纯白款好，这个穿着会磨脚掌，之前买的不会，不清楚为什么，款式大小都一样的，就是颜色不一样，差别居然这么大啊，客服态度挺好的，鞋子质量就。。。,1
这次的鞋子物流很快，上脚后比较轻便，新鞋子有点小紧，开封的新鞋子有点橡胶味道，现在放在外面散味道。,1
鞋子看起来还行，就是不知道耐不耐穿。等穿一段时间再说吧,1
穿了几天才来评价的，还不错，就是夏天穿有点捂脚，鞋底挺软的，舒服，秋天穿应该可以！,1
感觉还不错，鞋垫比较软，也很透气，穿过后再来评价！,1
做工精细，尺码很准，合脚，本人一直是穿耐克，换个牌子试试不错，以后会再续购。,1
穿了一个星期后才来评价，相比国内一般品牌，啥子361，鸿星尔克一类的，确实有所谓的踩屎感。 但是与同等级同价位的相比，差别不大。 至于适应亚洲脚型，还没有感觉出来。,1
穿着舒服，值得拥有下次还会继续关注,1
666性价比贼高的鞋子，感觉是正品，穿的很舒服，颜值也很高，夏天穿应该无敌,1
鞋型非常好，上脚舒适，就跑步鞋而言性价比绝对高于阿迪耐克,1
好舒服，跑跑步很轻松。没有其他的那么软，正合适。,1
东西可以。穿了一段时间再过来评价的。为了跑步买的,1
第一次买亚瑟士，是我想要的款，大小也正好合适，好评吧。穿一段时间再说。,1
鞋子不错，按照客服推荐的尺码买的正合适。鞋底也很软，就是夏天穿稍微有点厚，春秋天穿正好。,1
不亏为世界前四的专业跑鞋品牌。本人体重基数比较大，近期跑步减肥，脚后跟疼的厉害，无奈买了护踝，买了支撑鞋垫，都改善不明显，最后同事推荐，买了双专业跑鞋，基本不疼了现在，减肥也卓有成效了，感谢！,1
很舒服 一直穿亚瑟士的鞋 样子也很休闲,1
好看，但是穿起来没很舒服，也没什么缓震,1
物美价廉好好，跑步穿很好，以后就这家了，已经向盆友推荐,1
第一次买亚瑟士的鞋子，第一感觉还可以，马上穿了试试，还算满意，过段时间再来评论,1
特地跑了好几天才来评价的，好鞋子，穿着很软很舒服，减震效果明显。做工也不错。等618再买一双，最近跑步比较多，一双不够用啊！,1
踩着跟踩屎一样，很舒服，唯一缺点就是不是皮的不耐脏,1
人在没钱的时候， 把勤舍出去， 钱就来了。 &mdash;&mdash;这叫天道酬勤。当有钱的时候， 把钱舍出去， 人就来了。 &mdash;&mdash;这叫轻财聚人。当有人的时候， 把爱舍出去， 事业就来了。 &mdash;&mdash;这叫厚德载物。当事业成功后， 把智慧舍出去， 喜悦就来了。 &mdash;&mdash;这叫德行天下。没有舍、 就没有得！世界是圆的，你怎么对别人， 别人就怎么对你 。珍惜当下，心存感恩！,1
很舒服，买了去健身房穿的，性价比超级高。,1
虽说是入门级跑鞋 但亚瑟士当家科技gel胶缓震很好 跑步舒服  平时穿44 特意买大半码 穿上发现正合适 宽松点很舒服 估计买44的也能穿 看个人喜好了 另外夏天穿确实会有点烧脚 不过问题不大！,1
回来穿了12天鞋底就没有踩屎感了，脚后跟塌陷了。便宜没好货,1
穿着很舒服，跟图片没有差别。建议购买,1
第二次 购物体验满分。(第一次鞋子有些点点小小瑕疵并不在意) 穿上有型很舒适 个人喜欢运动 觉得亚瑟士的鞋踩起来很有感觉! 继续支持。,1
好看(*&acute;??&forall;??`*)跑步很舒服,1
发货快，包装严实，伟伦发货。鞋质量不错，舒适透气，样子好，在亚瑟士这个价位的鞋里，物超所值。鞋垫气味大，一周后会小很多,1
平时穿42码鞋，买了42.5码，基本合脚。鞋子产于越南，跑感鞋底偏硬。如果看牌子的话， 这个价格也是实惠了。整体好评！,1
鞋穿着真的舒服，包裹性很强，跑了五公里感觉减震性能很不错，以后有钱了再买好的??,1
外观不错，鞋底偏硬，穿上脚有点闷，其他还不错，款式也漂亮，最近比较忙没来得及评价，五星吧,1
皮鞋穿42，运动鞋42.5，所以本次购买42.5，头一回网上买鞋子，买的这么舒心，样子，舒适度，鞋码，都合适。越南产的，价格我想可以再便宜些，就更好了。,1
好评，很强烈的踩屎感，健身跑步穿的，还可以挺不错的很纯正的白色快递还行吧，现在能送到楼下的也就邮政和京东了，每次去门口快递柜去取来回20多分钟很烦，很热，又不想跑，质量挺不错的,1
真心觉得很是不错，上脚效果，44的鞋子，显脚小,1
小白鞋很好看，走路的时候缓冲性很不错，适合像我这样长时间走路的,1
很不错大小刚刚好穿起来感觉弹弹的,1
鞋子是真的舒服，缓震效果很好，外形的话我个人就得完全是可以的。这鞋有许多优秀的地方，首先透气，网面的确使人不会在穿着过程中觉得闷。然后是穿的方便，最后是我提过的，缓震做的特别好，可能在部分细节上稍微低于阿迪达斯的boost，但是不得不说gel总体还是比boost成熟很多不全不输于boost。试想花了阿迪达斯一半没到的钱却买到了性能和其一样的鞋，何乐而不为,1
上脚好看，舒适，码数比阿迪耐克偏大半码，满意！,1
穿着很舒服，已在这里买了几双鞋了，都不错。,1
亚瑟士！！穿上很舒服！跑鞋只买亚瑟士！夜跑去咯！,1
朋友之前一直说亚瑟士的很不错！然后就试着买了一双，穿上感觉很舒服，鞋底也很有弹性，已经喜欢上了这个牌子！以后经常光顾！,1
鞋子质量挺好的穿着很舒服。,1
很好奇这个为什么和实体店的价格差了这么多，但是还是要说质量还是不错的，有需要的话还会再来～～～希望多多上新多多做些活动，也这么希望这双鞋的质量可以很好，耐用一些～～～～有需要的话还是会再来～～～还是挺不错的,1
试穿一天跑了几公里，还可以，鞋码也正，以后还会再来,1
性价比高 亚瑟士的鞋确实适合亚洲人 很舒服,1
早就想拥有一双亚瑟士 果然舒适的脚感名不虚传 同时给客服米饭好评！米饭这个名字我感觉不错,1
孩子非要来一双白色的，就选这款了，鞋型有些厚重，好在轻便。,1
凌晨买的  早上7点多就发货了  发货速度也是很快了  鞋子收到后  男朋友挺满意的  让他描述一下  他只说好  那只能这样评论了  没有参考价值,1
穿起来不错，性价比高，一点胶味晾一天就好了,1
还可以吧 蛮适合跑步的   入门级的,1
很赞的运动鞋，鞋底很厚挺软的，穿起来很舒适，夏天也不觉得热，跑步鞋底触感很好，有传说中的踩屎的感觉！,1
儿子平时穿42.5的，这双还是42.5，合脚。性价比高，很满意&hellip;&hellip;,1
鞋子包裹性很强 建议买大半号 鞋底很软 减震效果杠杠的,1
挺好看的  穿着挺舒服   感谢米饭的服务  棒棒哒！  米饭  哈哈哈,1
鞋码准确！网购这个太重要了！鞋舒适透气护脚，锻炼穿很合适！,1
尺码偏小 换了之后很合适 好评好评好评,1
买来跑步用的，很舒适，有踩屎感，同时包裹性也改凑和，性价比很高。,1
满意，感觉不错，穿上舒适时尚，号码标准。宝贝款式新颖，质量可靠。发货非常快捷，物流也特别快，各方服务态度都很好。一次非常满意的购物。以后有活动还会再来你家，祝商家生意兴隆,1
鞋子是正品越南产的，本人平时穿44码的脚肥买了45的，穿上刚刚好。明天穿着跑步试下再来追加。,1
包裹性很强，好评好评,1
非常不错的一款亚瑟士跑鞋  很喜欢,1
质量很好，防滑性强，很有弹性，包裹性好，只是夏天穿着有点热。 很好，很热情。,1
非常好，跑步很舒服，,1
幸好买的41.5码的，很合脚。这个鞋偏小建议大一码。比我想象的好多了，质量很好。,1
第一次买Asics的鞋子，还没穿先给个好评吧//分割线，，淘宝几年才知道原来评论85个字才会有积分。所以从今天到以后，这段话走到哪里就会复制到哪里。首先要保证质量啊，东西不赖啊。不然就用别的话来评论了。不知道这样子够不够85字。谢谢老板的认真检查。东西特别好，我不是刷评论的，我是觉得东西好我才买的，你会发现我每一家都是这么写的。因为复制一下就好了。,1
经常在这家店买鞋，亚瑟士般舒适，物有所值。,1
帮别人买的 大小合适,1
挺好的，穿在脸上效果挺好，白色的跟图片没有一点色差，很喜欢，配着我新买的红色裤子很赞哦。我忘记拍照了，包装也很让我喜欢，穿一段时间再来评价。,1
鞋不错，一直都很喜欢亚瑟士,1
鞋子白色的真心好看，也百搭，软底，总体感觉真心不错，618抢的也挺便宜。,1
打折很实惠，鞋子很软，跑跑跳跳啊缓冲很不错，大牌就是体验好啊，亚瑟士比勾勾和杠杠要实惠,1
鞋子穿着很舒服，只是我没有领取到优惠券??,1
很舒服不影响开车,1
特别好 性价比很高,1
鞋子很合适啊，穿起来很舒服，为了跑步买的，虽然价格不贵但是质量却不错，卖家发货很快包装也很结实。,1
第一次买，鞋子样式好看，我儿子穿上说很舒服。,1
好看喜欢 棒棒哒,1
给妹妹买的    要自己锻炼准备参加中考用的     妈妈也买了一双   舒服   实惠,1
买的41.5码，感觉同其他的41码差不多，穿一天后完全合脚，5天后开始跑步，鞋底软，弹性好。满意！,1
618活动买的，感觉合适就买了便宜的很，穿着还可以吧，这价格就别指望多软,1
迟收啦！很软很好穿 入手diyishuangx 喜欢??,1
鞋很舒服！一如既往的赞,1
给爸妈各买了一双 爸爸平时穿41码的皮鞋 妈妈39码的 这次买的41.5码和39.5码的将将好 他们也很喜欢 说穿着很舒服,1
尺码偏小一些～其余还可以～东西也体面晒便宜～,1
可以，跑步缓冲真的好!,1
质量很好呢，老公很喜欢，还让我试试说特别舒服特别舒服，比跑步鞋还舒服呢，哈哈~下次还会在购买的,1
我买了一双以后爸爸非要跟我买情侣款。日本鞋比较瘦，码数比较小，不过是真的舒服。,1
很舒服，准备再入手一双了，颜值很高！,1
老公很喜欢，就是鞋底有点硬，白色不耐脏，但是上脚很好看！,1
鞋子很好看也很舒服,1
蛮好了的，老公很满意，外形也很好看，穿着也很舒服，性价比很高,1
 建议买大一码，我买大了0.5码，然后小了，就把鞋垫拆掉了。。。 鞋子脚感很棒很棒，软软的，很适合跑步,1
买给老爸的，老爸说刚穿上有点硬，跑一会就舒服多了，总体上不错。先好评。,1
送给爸爸的鞋子 因为脚宽所以买大了一码半 大小合适脚感也不错,1
鞋子很好看，很合脚。,1
大小合适，快递给力，穿着舒适,1
还不错 送来的时候味道有点重，穿起来舒服，很适合运动的人穿,1
宝贝样式很好，颜色很漂亮，第一次买没有经验，建议买大一码，客服非常热心，很快就给换好了,1
这几年一直穿的鞋都是亚瑟士的鞋，包裹性很好，穿起来很舒服，非常的轻，好评。,1
给妹妹买的   准备中考运动穿的    尺码不合适   妈妈觉得舒服就留下了     喜欢,1
尺码正好，给朋友买的，稍微试了一下感觉还是kayano更舒服些，不过作为入门级已经相当不错了,1
鞋子很轻，穿着合脚，让我想起了以前穿过的特别舒服的一双，很赞，如果价格能下来，还想买一双。,1
鞋子颜值很高,1
质量很好，尺码很合适,1
鞋子做工精细，款式好，轻便，儿子很喜欢！,1
鞋子超级舒服，款式也不错，尺码偏小，建议选大一码~~~满意~~~,1
舒服的很，就是买大了半码，但可以接受，鞋子外观显大，但好配衣服。好看！,1
质量非常好，与卖家描述的相差无几，非常满意，真的很喜欢，发货速度非常快，包装非常仔细、严实，物流公司服务态度很好，运送速度很快，很满意的一次购物。 第一次买亚瑟士的鞋子。希望可以被圈粉。,1
很干净，也很舒服！不记得给儿子买了几双亚瑟士了，回购这么多次，肯定是好穿好看的！ 好,1
感觉挺好的，以后还会光顾。,1
鞋不错，很棒。,1
鞋子很漂亮，做工精细，唯一不足就是偏小，换了39.5码的，性价比高。,1
穿了一天，脚感还不错，价格在那里摆着呢，总体上还是挺满意的,1
性价比挺高的，是老顾客，作为资深跑步发烧友他们家的产品还是值得信赖的！,1
很适合运动，好看有型，舒适度还可以。,1
穿了几天了，大概走了二十公里，鞋子很好，走路很舒服，减震功能优秀，而且透气效果好。,1
第一次买亚瑟士  很好穿的鞋子  跑步效果非常好  迅速转亚瑟士粉了,1
朋友推荐的，朋友一直穿这个牌子，第一次购买赶上活动，发货很快，穿上脚很不错，透气，包裹性也很强，非常不错。,1
包裹性好，不错,1
鞋子一般吧，没有评价中的那么好。说真的，还没有买的李宁的鞋好呢。鞋子的防滑底片特别硬，很一般。,1
穿着很舒适，鞋子也很轻，建议买大半码刚刚好,1
超级好穿，天天穿来跑步，鞋底很软，码数也很正,1
第二次买了，当然不是都是这一款，质量很放心，这一款鞋底好软，可以,1
很好，已经第三双了，虽然快递有点问题，客服认真负责的态度很好的解决了给个赞,1
太舒服了，真是物美价廉，双击666，大小合适，个人觉得还是美码比较合脚，参考阿迪鞋子,1
很好，鞋底有踩屎感,1
儿子很喜欢，说上脚很舒服，正想再买一双大半码的，结果没码了，还会回购，推荐购买哦,1
穿着较舒适，但鞋底减震效果没耐克好，不过价格较其便宜。店家发货快！,1
轻盈，鞋底不硬，两侧边有点磨脚踝，总体很好，一直穿亚瑟士,1
到货了，还没穿，试了下，还行，看起来整体没有图片好,1
昨天穿了一次，脚感不错，舒服。今天去健身房试试。再来评价。,1
跑步还是买大一码比较舒服！,1
图片很丑，当初想着丑点就丑点，实用就行。结果实物这么好看，鞋真漂亮。十分好评!,1
老公很喜欢，就是底子没有那么软，赞?? 超级赞?? 超级赞?? 超级赞?? 超级赞?? 超级赞?? 赞?? 超级赞?? 超级赞?? 超级赞?? 超级赞?? 超级赞?? 赞?? 超级赞?? 超级赞?? 超级赞?? 超级赞?? 超级赞??,1
买给老公的，看着还挺好看的，他说穿着很舒服，每天晚上穿着锻炼，物流也很快。,1
一如既往喜欢,1
鞋子超级帅，价钱也很好，完全被亚瑟士脚感种草了,1
刚收到，挺不错,1
宝贝收到了，挺舒服的。嗯嗯,1
买来专门在家里跑跑步机穿的 鞋底还挺软的 性价比高,1
鞋子是正品质量很好穿上很软，个认为鞋子有点偏大,1
两个字：好穿！,1
穿着舒适，比较柔软，尺码合适，稍有些味道。,1
上脚效果不错，价钱实惠，??赞！,1
给老弟买的，平时43，很满意  鞋底很软的，配色也清爽，超满意 好,1
穿这双鞋，跑步，走路感觉弹性十足，很合脚,1
给爸爸买的 爸爸很喜欢 就是不知道鞋子质量怎么样 好评咯,1
鞋子的包裹性，稳定性，透气性，支撑度，都不错。,1
底挺软的，也很好看，满意的购物,1
苏胡！舒服舒服舒服！,1
还没去跑，不知道实际体验怎样，不过确实有些小，比正常的小一号，另外足弓高的慎买,1
618便宜实惠，东西不错,1
还不错，穿起来稍微有点紧凑，跑步的话这几天很忙，还没试过 客服服务还好,1
鞋不错，轻，透气，很多双亚瑟士了，看得出来应该是正品。好评一下。,1
还没试穿，先给个好评吧。比专卖店便宜好多，不知是不是正版,1
舒适度很好，样式就是鞋头太大，其他很好。,1
东西很不错，穿着也舒服，下次多搞活动，很满意的一次购物,1
前脚有些紧，买大一号的好了，先前问了告诉我没有标注的都选正常码，信他也是呵呵，快递五天到的，感觉一般,1
穿了大概3周了，很舒服??挑不出毛病了。鞋底软，回弹很好。鞋子有股淡淡的,1
合脚，舒服,1
自己先买了一双感觉上脚很舒服就给爸妈一人买了一双，正品不正品无所谓舒服就行,1
穿着很轻，有点味，估计放放就好了，大小合适，很白很好看,1
穿着舒服，能再便宜些就好了，比如200以下。,1
鞋很漂亮 物流也快 客服服务态度很好,1
发货速度和物流速度都很快，上脚很舒服五星吧，但是我有点担心这鞋的网好像看起来容易坏，穿穿试试吧,1
给老公买的，有踩屎感，老公体重比较重，喜欢穿亚瑟士的鞋，专柜也买过，都不错,1
非常不错，很合脚，与图片也一样，穿着超级舒服,1
款式好看，上脚效果好，轻便舒适。挺好,1
给弟弟买的。不错,1
送给老爸的，他说穿着很舒服，等下自己也要买一双,1
很棒，平时穿40、41，这个码数有一点点偏小，但是可以接受，推荐。,1
鞋子还是和原来一样、穿着很舒服。,1
给男朋友买的！他说跑步好轻好软 一点都不累！,1
亚瑟士值得信赖，产地越南，应该是正品，穿着走了一天路，比较舒服。,1
很棒！超级棒！不愧是运动鞋的鼻祖，穿着特别舒服，特别软,1
挺不错的，蛮舒服穿着，尺码大概选个大半码就ok,1
第一次买亚瑟士，包裹性挺好，底也挺软，希望耐穿,1
很好的鞋子，想跑步锻炼身体的可以了解一下。,1
老公说挺好的，穿起来很舒服，考虑再入一双,1
大小合适，轻软透气，鞋子不错，值,1
感觉有点硬，整体还不错，有点胶味，第一次买亚瑟士，马上要去跑跑看看试试，好评了,1
我就不知道为啥，亚瑟士越便宜的越舒服，真的看不懂，牛逼。,1
第一次买亚瑟士的，试穿脚感还不错，期待后面的日常使用,1
穿了几天才来评价，鞋子很好，回弹力很好，尺码标准。,1
鞋子很好，挺合脚漂亮的。夜跑休闲应该会不错,1
还不错。老公穿上正合适,1
鞋特别舒服 包裹性特别强 但是不挤脚不磨脚,1
鞋子穿着挺舒服的，第一次买，感觉还可以??,1
真的是颜值超高，非常好看，很轻，而且很透气，非常适合夏天穿,1
尺码适合，鞋挺轻的，穿着也很舒服。,1
鞋穿着舒适透气十分满意,1
给朋友买的，他很喜欢。认可这品牌的鞋子。会经常光顾。,1
应该是正品吧、爸妈反应不错,1
鞋子很好，就是降价太快。以后还是多关注活动吧。哈哈哈哈哈哈啊哈哈哈啊哈啊哈哈啊哈哈哈啊哈哈哈啊哈哈啊哈哈啊哈啊哈哈啊哈啊哈哈啊哈,1
买了二双，感觉不错，鞋底软，脚感很好,1
非常满意，建议购买时大半号，我穿41码，现购41.5正合适。,1
鞋子很合适，样子也简洁大方，,1
尺码有点偏小，建议后续要比平常的加大一码,1
穿鞋很全，价格合理，活动买的超级合适,1
质量很好 很舒服，颜色也可以。我感觉这种牌子做跑步鞋还是专业，比耐克强多了。,1
鞋子外观显大，但好配衣服。好看,1
鞋子穿着很舒服，外观也很漂亮。,1
鞋子很好，价钱便宜，就是感觉码数有点小跟平时穿的小一点，物流飞快，非常满意,1
穿着刚刚好，挺舒服的，而且高了不少??！,1
非常不错，虽然还没有试穿，款式非常漂亮。,1
鞋子穿起来还不错，挺舒服！又拍了一双,1
首先鞋子很漂亮，然后缓震很好。  这是第二双亚瑟士  跑鞋必须亚瑟士！ 好,1
鞋子很舒服，有一种踩屎感，穿着跑了一次也很不错，很满意,1
鞋子挺好穿的跑步的时候感觉很舒服,1
哈哈样子非常好看  希望老公会喜欢,1
鞋子还不错，一开始穿底有点硬，跑了几次就软了点，可以的,1
舒服，日本牌子，款式日式，尺码对，很好的,1
鞋子美得很，平时穿41的，这个41.5刚好合适。,1
这是给老公买的第二双鞋了   还是一如既往的喜欢,1
客服棒棒滴，物流这回是超鸡快！,1
皮鞋44 买的44.5 能放进去一个手指头 感觉还不错,1
鞋子很好，活动价格非常优惠。就是快递太慢了,1
鞋子质量还不错，老公很喜欢！,1
舒服  好看   合脚  价格也便宜,1
第二次在你家买鞋，物有所值、非常满意！,1
鞋子很好看，618比平时便宜了130多，很实惠。但是快递比较慢,1
穿着很舒服，很好看，就是客服回的慢，客服多一点就好了,1
鞋子收到了，第一次给儿子买亚瑟士的鞋子，很满意，穿着很舒服，透气好，轻便，刚上初中经常跑步的儿子表示很喜欢，鞋子本身没有缺点，唯一的缺点是白鞋子的通病，易脏，需要经常清洗，至于还有什么优点，穿过一段时间再来追评吧！,1
盒子很好，颜色饱满，花纹清晰，表面平整，摸起来手感很好。边角整齐90度，放在房间角落里，不占空间。收到货后我就用来装我的小物品，容量挺大，能够收纳很多。卖家很热情，还送了双运动鞋，到现在鞋子收藏还没穿,1
嘻嘻，超值！鞋盒颜色很漂亮，我脚瘦平时穿39or38.5  这个39码刚刚好，建议脚肉点的买大半个码或一个码~ 虽然白色好看，但是我真的很容易搞脏鞋。所以买了黑色der。发货很快，好评！,1
隔天就到了，快递速度没话说，买了多次了，质量好,1
偏小了，换大了半码刚好。 男女款不同在，鞋底女款是黑色，粉色商标。男款是灰色底，黑色商标。 穿去爬山了挺好的,1
亚瑟士鞋底一直是挺舒服的，这双鞋头有点紧，我习惯穿宽松点的，这双换大了半码的差不多合适。穿了两天差不多适应，最近喜欢小白鞋，这双看着应该要更透气点，买了天热点的时候穿,1
这个鞋是我一直钟爱的品牌，以前买过一次，主要它家就是运动的，鞋底特别的好，主要透气，一如既往的好，鞋面偏瘦，注意别拍大码，属于正好的鞋。穿什么码拍什么码，喜欢这个跑鞋，好！,1
正品，值得入手。,1
很喜欢的衣服，满意的体验,1
鞋子收到了，物流很快，包装也很好。亚瑟士的鞋穿过很多款，本来打算买双跑步穿的，就没买太贵的，最后选了这款。上脚很舒服，但没有之前穿的亚瑟士有踩屎感，毕竟价位在这。谈谈鞋子穿着感受，整体很帅气，日常穿着都能应付，跑步更没问题。应付健身房和公路都OK。意料之外的好，五星好评先。至于是不是正品不敢说，有点胶味，总之是一款值得购买的鞋,1
鞋子不错，物流也很快，平常阿迪达斯穿41码，这款选了41.5正合适，透气性好，颜色也非常喜欢，试了一下，脚感不错，外包装盒也没有破损，非常满意，价格也很实惠！,1
男朋友喜欢跑步，这是给他买的第二双鞋亚瑟士，我也跟着买了一双，两双鞋子都非常好看，做工很精细。都买的大了半号的，很合脚，已经穿上去体验过了，鞋很轻，减震很好，跑步很舒服。超级喜欢~,1
穿起来没感觉。但走路和跑步，鞋垫有缓震功能，很舒服。皮鞋43码，这款鞋选的44码，脚背比较宽。,1
比国产贵了一点，但质量做工比国产不止好了一点，相比耐克阿迪更加复合亚洲人脚型，两百六十多入手很划算！第一次买亚瑟士感觉很不错！,1
脚感很好，包裹性很强。支撑性很强，跑步不会感觉脚在鞋里滑动。防滑是有的，这几天下雨专门试穿了。走路或者小跑一下没问题，不适合长途跑。上脚很好看，百搭。同等价位的鞋都没有亚瑟士穿起来舒服，有弹性，值得拥有，后面还会入手,1
鞋子非常不错，新疆这么远运过来，还在鞋盒外加纸箱包装，没有一点挤压变形。客服态度很好。鞋子穿上回头率爆表，很舒服。刚打开时有一点淡淡的胶水味，不过质量和脚感非常好。给个好评不夸张！值得入手，下次继续购买！,1
特意穿了几天才来评价的，首先鞋子很好看，我主要用来跑步的，平常也可以穿，走路时鞋底真的有感觉，有回弹有反馈，跑步时穿减震不错，主要我之前跑步时穿的鞋子确实不行，对比很大，满意的,1
一买就出活动减三十，本来想拒签的！但是想想还是算了！鞋子很不错，今天穿去打了几个小时羽毛球，很不错！明天早上去跑步试试！很喜欢！除了老降价之外别的都还好！,1
收到试了一下，感觉不错，还不知道跑步穿起来会如何。期待跟大家说的一样好。鞋子做工精细，款式新颖好看。没什么味道，反正我是没闻到什么异味儿。等穿过再来追评吧！,1
脚跟的底很软，弹性还算合适。上脚效果出乎意料，脚踝位置包裹得很紧，鞋子大小也刚刚好包住我的脚。还没跑过步，希望效果不错吧。还有就是鞋子塑胶味不是很大，完全在正常人的接受范围内。就这些吧，感觉这鞋子买得挺值的！,1
惊喜惊喜，四公里时右脚掌微微热感，但很快适应，鞋子很！舒服，膝盖都愣是没啥感觉了，虽然跑步速度不快，但要不是太晚了，还想再跑一会呢，就是太白啦，哈哈哈哈，大大大好评！！！,1
唔 还阔以 一份价格一分货啦 肯定比不上贵的那种 但是偶尔跑步穿一下也阔以哒 就是有点容易脏??(&macr;&macr;??),1
第一次买亚瑟士的，试试。感觉还是不错，挺好。鞋子穿起来也挺舒服的，挺软的。但是就是快递盒被压了，而且还是放反了，希望可以更加用心点。上面写的越南制造。,1
穿着挺好的。十一中那就睡吧。！？我们学校附近没有的东西啊我都没有见过这样的啊我都没有看见啊啊啊我的未来努力了吗老婆晚安，爱你的心情我理解你的想法是对的人都在这里等你啊啊啊我的未来，！我现在就去睡觉好不好嘛！我现在就去睡觉好不好的话以后不要给我发信息啊我是真的爱你么么哒我爱你媳妇,1
第一次买亚瑟士的鞋子，想不到穿起来真的很舒服，有种踩屎的感觉，也很透气，平常穿45码，亚瑟士的46.5是正好,1
喜欢的呀，穿着真的舒服，而且好便宜啊，以前看亚瑟士的鞋不都是一千多的吗。。。买大半码，拿到鞋刚穿进去有点紧，鞋带调松一点就好了。 当大家看到我的这一篇评价时，表示我对产品是认可的，尽管我此刻的评论是复制黏贴的。这一方面是为了肯定商家的服务，另一方面是为了节省自己的时间，因为差评我会直接说为什么的。所以大家就当作是产品质量合格的意思来看就行了。,1
相当满意！全五！ 特意试跑两天再来评价的。包裹性、支撑性明显！ 也没觉得有什么刺鼻的气味。 是入门级的关系吗？&ldquo;踩屎感&rdquo;体会不到。,1
一天穿下来，还是很舒服的！以前穿鞋脚后跟都痛，穿了这双明显觉得舒服多了。而且整个脚掌像是踩在海绵上有回弹的感觉。以后会多买亚瑟士的鞋，真的不错,1
刚穿上晚上去跑跑试试，开箱有股胶味，在通风处晾一下就好了，是不是正品不知道怎么判断，包裹性强，舒适，体验很棒，别的过一段时间再来追评,1
刚好合适我的脚型，穿着还满舒适的，鞋子蛮轻的，很软，真的有点像其他人评论一样，有一点点踩屎的感觉??，要了发票，鞋子是新的,1
非常舒服??踩屎感终于体会到了，舒服极了。包裹性很好，脚很舒适，白色容易搭配，非常适合夏天穿，相当赞啦！,1
物流非常快。鞋子很轻，穿起来很舒适。网面的应该比较透气。包裹性很不错，整只脚都很舒服。轻便、有一定回弹支撑，日常跑步穿都适合。买过好几双他们家鞋子，这款鞋子买的时候建议比平时穿的鞋子大半个号。会回购。,1
开始买的42.5码的大了，退掉买的42码的，正好赶上天猫焕新活动便宜了几十块，主要拿来日常穿的，鞋底挺软，,1
好看，非常合适，穿上很轻很舒服，不愧是大品牌哈哈哈，以后跑步就穿它了,1
早就听说亚瑟士的鞋跑步很舒服，但是看了又看不知道怎么选，很想买双称心如意的跑鞋，后来想了一下，跑步这件事重要的是出去跑并坚持下来，鞋子再好不去跑不去坚持也是没有意义的，看到这双在做活动就买了，穿着很舒服，后脚踩着很软有弹性，不累，很庆幸自己没有在这件事上纠结太久，鞋子也很满意！还在犹豫的朋友抓紧时间决定吧！,1
亚瑟士的鞋买过很多双了，刚好聚划算看见这双白鞋，非常好看，不闷脚，款式也很新颖，可以应付比较多的场合了，赞赞赞赞赞赞赞赞赞赞赞赞,1
第一次买亚瑟士，平时只穿耐克！感觉真心不错，完全不次于耐克！还没穿，穿完以后再来评价！如果好，以后会支持下去的！,1
送给爸爸的父亲节礼物哈哈哈哈哈  就是 有点难过 自己的鞋子没有一双低于八百块的  却只送爸爸一双两百多的运动鞋www   想送爸爸贵一点的礼物可能只能等到自己工作自己赚钱了   哇突然好难过,1
真的要买至少大半码，我42的脚也不算宽，但还是有点挤，另外也没有评价说的那样有回弹，脚感好之类的，更没有所谓的踩屎感，也就一般般，奉劝大家记住一个原则，那就是只看价格，虽然有时价格高的不一定是好货，但价格便宜的一定不会有好货！如今想要穿出好的脚感的鞋子，没有个千把块是不可能的哦⊙&forall;⊙！,1
随拍的，真鞋比照片好看哈哈，脚感不错，先给个好评，穿一段时间再追评吧，性价比很高啊,1
给我妈买的 她正常脚40码+ 具体脚长大概这些 但是因为胖 脚比较肥 就买了男款 最近她要锻炼身体一直没合适的的鞋子走路 悄悄给她买双走路的鞋子 太胖了怕她膝盖磨损 特意买个轻便的 谢谢客服帮我改地址 买好鞋子和其他东西后才发现地址都错了 ～鞋子我妈很满意哦,1
包裹性强，适合东方人的脚型，鞋子很跟脚，舒服，给五分,1
穿着非常舒服啊，性价比极高，非常的帅。刚穿有一点紧，松了下鞋带正好。,1
这个价格很超值了，实惠，建议按脚长购买，脚长250mm，原来穿40的，亚瑟士对应的是39.5，穿上正好，脚踝包裹性很好，大底支撑，脚也很舒适，至于踩的感觉，没那么软，正常的缓冲很到位，不错！好东西！,1
鞋子不错，跟大家评论的一样，脚感不错，买大半码正合脚，今天早上晨跑了下，很赞!,1
跑步穿了几天才来评论的，质量很好，减震效果非常不错，鞋底软，踩起来很舒服，前边的透气网跑起来非常凉爽，活动买的，很优惠，店家服务态度一级棒，,1
哈哈哈哈哈太开心了，女生穿也很好，非常合适，穿上后赶紧去操场，哈哈哈一口气跑了四圈，还不累，太满意了，有踩屎感！！哈哈哈,1
哈哈  好看的不得了 物流很快  质量很好   就是不耐脏   买回来到现在都没舍得穿   穿一会脱一会   哈哈   第一天晚上都穿着睡觉的    满分好评！！！,1
喜欢这样低调的运动鞋，白色的很骚气也很百搭，脚感一级棒！二百多能买到这样的跑鞋我已经很满足了！,1
样子可以，小细节一般，胶印比较明显，没两天降价了，这个比较郁闷。,1
鞋子不错，只是码稍微有点偏小，建议买大一码的应该更合适,1
鞋子不错，白色鞋夏天穿正好，又透气网孔，百搭型的鞋子，初步试穿了一下，亚瑟士尺码43.5大致和我的老款阿迪跑鞋431/3差不多大，以前的担心偏大就可以解除了。总体感觉不错。 lulu服务挺好，给我判断鞋码大小提供一些有益帮助,1
买了好多亚瑟士了，每双都很喜欢。白色很骚气，好看。网面的应该比较透气。物流非常快。赶上有折扣买的，很划算。,1
正常尺码，平时运动鞋穿41.5，这双刚好。脚感一般，入门跑鞋，没有踩屎感。,1
有些气味儿需要晾晾，初次穿上有点硬，穿了一天感觉出了些许踩屎感，透气性也还好,1
鞋子没问题，好看，挺舒服的，然后我是买大了半码，穿上正好,1
很好，是我想要的颜色和款式。比阿迪和耐克码子偏小一码，给后面买的朋友做个参考。,1
真的很好 可以作为一个全方位的训练鞋    跑步也很轻巧,1
符合预期  颜色还好不是纯白 这样是不是会好很多 鞋跟比我正常鞋稍微高一点  有网面 夏天不怕会很热  话说白色的真的很骚气  第一次买入门级的跑鞋 很好看 综合起来看是一双不错的鞋子 还有就是白色显年轻 有活力 阳光 自由 自信 好吧 我承认 是为了得到积分才说这么多的 够了吧,1
外观低调奢华 价格比较合适 脚感舒服 减震很给力,1
活动价格优惠，产地越南，和门店产地是印尼不一样，比平时的码数要大一号，上脚比较舒服，鞋子很轻，现在看还不错，质量要穿过后才知道&hellip;,1
很舒服，也挺帅气。亚瑟士的忠实爱好者。穿过亚瑟士后再也不喜欢穿阿迪耐克了。盆子里面洗的那个橘红骚的鞋子也是亚瑟士的。,1
亚瑟士的鞋底部做工真的很用心，穿上都快185了，嘻嘻，鞋是好鞋，不过正是因为用料太足，需要买大一号半号左右。,1
本着负责任的精神  本人特穿了几天才来评价的   刚穿这鞋感觉就是还行，但是越穿越好穿，越穿脚感越舒服！,1
如何哈哈你要去看看这个电影我的微博我的名字叫做爱情？在一起就不一样是没有意义了、不过这次真的很不错了。我的微博账号密码已经收到？在一起的时候真的有点难过！在于他们的人生哲学社会科学优秀成果奖三等奖一项新技术革命烈士暮年之际、不过是为了保护你一辈子就这样结束了！在于他们自己做过的决定！！在于你是否愿意相信爱情会有这样一些的结果也不是那么简单、这是一个劲儿的感觉，不知道自己到底有没有爱吃好吃不上火。不过这一个问题很好很不错哦&hellip;&hellip;,1
第一次购买亚瑟士，发货及物流都很不错，鞋子穿起来很舒适，外观做工很精细！非常愉快的一次购物！,1
发货什么的就先不说了，很快，物流也很给力。说下鞋子吧，建议买大半码刚刚好，首先包裹性很不错，整只脚都很舒服，外观方面稍微提一下还是挺满意的，走路时候可以感觉到脚底有明显的回弹，尤其是在脚掌部分。跑步的话因为还没跑所以还不了解，不过应该会更加明显，建议喜欢跑步的同学可以考虑入手，暂时就是这些了，后面有更多体验我将会继续补充&hellip;&hellip;（这段评价我想了10来分，希望对后面的小伙伴有所帮助，图是不可能有的，这辈子都不可能有图的）,1
很优惠，打折后价格太实惠了，而且脚感一流，惊喜,1
亚瑟士老顾客了帮别人买的，他说鞋子卖相一般脚感不错,1
鞋子很白色好看，我来跑步的试一下，很舒服,1
鞋子很透气，不管是跑步还是平时穿都很舒服，踩屎感十足！！！,1
第一次穿这个牌子的鞋。朋友介绍的。感觉同价位的还是这个比较舒服。路转粉了。原谅我的拍照技术，谢谢,1
这个价位的鞋 走路穿着还比较舒服 真需要大运动量的 还是买价钱贵点、缓冲效果更好点的 总体评价不错透气舒适,1
很少上评论，一般默认好评，但是这家还是给个赞，穿上去很舒适，包裹性很强，鞋型也不错，比某克穿的舒适度要高，就是新鞋子味道满大的,1
很不错 上脚比较舒服 尺码正好 包裹性很好 一次买了三双,1
穿上感觉各方面都不错！做工很好。发货也快。脚胖的话确实要买大半码的！,1
底很舒服，而且很有回弹的感觉。鞋码有点偏小。不知道是不是新鞋的缘故。以后跑鞋就认准你们家了,1
穿着挺舒服的，赞！开箱味道有点大，放两天再穿！以后会来追评的,1
鞋子质量非常好，做工精细。实属正品。鞋底超软，舒服，帅气。,1
打开的时候有很强的塑胶味 不过穿起来真的很舒服 踩上去很软,1
上脚好看 很舒服 透气性也不错 夏天穿可以 反正喜欢喜欢！,1
鞋子质量很好，穿着很舒服，比外面的优惠，发货快，很满意,1
上脚很好看，有减震回弹，用手指按鞋垫就能感觉到，269块真的是超值了,1
东西还不错，520的时候买的，现在618活动便宜了又，哈哈哈哈哈哈哈，还可以目前,1
非常漂亮且性价比很高的宝贝，值得购买大力推荐,1
第一次买这个牌子鞋子，脚背很宽，上脚还是挺舒服的，鞋底比较厚，有点增高,1
合脚，还可以，希望耐穿呀，男生鞋子容易坏，&hellip;&hellip;i发发汗健健康康飞飞哥叫我 ，够字数,1
习惯好评，鞋子好看质量一般默认评论。终于收到了，东西很好，价美物廉，谢谢掌柜的！说实在，这是我在这个亚瑟士商家第二次购物。无论是掌柜的态度还是对物品，我都非常满意的。掌柜态度很专业热情，有问必答。再说宝贝，正是我需要的，收到的时候包装完整，打开后让我惊喜的是，宝贝比我想象中的还要好！不得不得竖起大拇指。下次需要的时候我还会再来的，到时候麻烦掌柜给个优惠哦！哦，对了，产地是：made in vietnam. 掌柜态度很专业热情，有问必答，回复也很快，我问了不少问题，他都不觉得烦，都会认真回答我，这点我向掌柜表示由衷的敬意，这样的好掌柜可不多。,1
惊不惊喜，意不意外！太喜欢了，背着媳妇买的，我已经买了4双亚瑟士的鞋子了，就是喜欢！这是我的专有品牌哈哈哈哈哈！,1
鞋子很好，包裹性不错。适合运动穿着，码数也很标准。我是按平时码买的。唯一不好的就是快递暴力了一点，不过鞋子没有什么问题。,1
看了鞋内长，平常45号这个买的46很合适，鞋很舒服，很透风,1
鞋子比较漂亮，第一天到货就穿去彩粉跑。,1
恰逢促销活动拿下这双鞋，真是好看死了，颜值高减震也不错。值了。,1
第一双是灰白色的，穿了好几年，这款白色的太白了，下雨天前面爱脏.穿着很舒服，认准这个牌子了，包裹性很强，只是夏天穿，包裹的紧能热，脚面窄的人适合.,1
习惯好评，鞋子好看质量一般默认评论。,1
穿着很舒服，鞋底很柔软，透气的面料，夏天穿不热，很好的一款运动鞋，男款女款各一双，我和老公也情侣一把！,1
刚买两个星期就出现掉底的现象，这质量也太差了。还不包换，同样问题锐步，耐克都可以换。第一次买这个牌子。亲们慎重选择。,1
鞋款比较厚 适合春秋   前掌大的不适合穿  踩着还行  第一天磨出个水泡,1
推荐尺码刚合适 踩屎感还行 一分钱一分货,1
性价比超高，版型好帅，还没用来跑步。加钱用的顺丰，第二天就到了！好评！！,1
可以，很舒服，几个也非常合适，无有所直，很愉快的一次购物,1
谢穿着很舒服，之前也买过亚瑟士的鞋，这次也比较满意。,1
居然有踩屎感，很轻很有型，??做工爱比耐克强多了。,1
鞋子要量好，按正常的的脚长买，只要脚不是偏胖都不用买大，结果老公还是买大半码，不过鞋子质量很好，他说穿上跑步很舒服,1
还不错，穿着舒服，鞋底有弹性。不过也有缺点，夏天有点捂脸，而且前脚掌有点宽可能打滑。总之跑步脚感还不错。,1
穿着非常舒服，大小也合适，特别喜欢??,1
别的鞋子都是后脚跟磨脚，你这是侧面磨脚。血都出成这样了,1
新鞋子有味道，脚感很好，穿惯了板鞋，换这个很舒服。,1
鞋子穿了很舒服，名副其实的跑步鞋。关键在于物美价廉，比起现在的耐克、阿迪这些大牌价格高、质量差来说，真的是物超所值。以后买运动鞋尤其是跑步鞋，绝对优先考虑亚瑟士这个牌子。虽然不太喜欢小日本，原则上想支持国货，但是东西好价格又实惠，单纯从消费者角度来讲没有拒绝的理由！,1
鞋子很漂亮，穿着也很舒服。最主要的是 有增高！,1
鞋子收到就试穿了一下，很舒服，很轻便，总之很满意，以后有需要还会来买的,1
黑白配，白鞋好看，不易打理。黑鞋居多，天好穿白鞋去浪。????,1
舒服，轻便，第一次穿这个牌子，还是不错的,1
喜欢亚瑟士的跑鞋，这双颜值还很高，618做活动果断拿下。夏天了，跑起来！,1
很不错，亚瑟士很不错，真比美津浓漂亮，前一双丑爆了，这一双美爆了。支持,1
舒服，虽然入门级，但是脚底感觉也挺软，值这价。,1
本来穿41，255，买的中国码255，欧洲码40.5，有点紧了。,1
同型号鞋子放置两个商品，导致买了相同型号的鞋子，十分不良的商业行为，换货不通知换货流程，不确认是否换货，导致客户未申请换货而没申请到运费险，骗取客户承担运费而未申请，十分不规范的商业，十分不愉快的一次购物，骗取客户的信任。,1
鞋子不错，穿起来舒服，有踩屎的感觉??,1
鞋子超舒服，就是我是女生，看着脚好大&hellip;,1
第二次购买了，质量好，鞋子属于偏瘦款的，穿上正好，轻便舒服，这下锻炼跑步更起劲儿啦。,1
除了鞋底，其它没有一点可取的，磨脚，蹭踝，鞋里面缝接处很粗糙，穿薄一点的袜子就能很明显感觉到，总之一分钱一分货，只是买个牌子，却买不到相应的质量。,1
这鞋子我要给一百分，款式好看，上脚也舒服，我最担心的尺码问题也没有，简直完美,1
妈妈脚掌又宽又高，收到后试穿感觉非常舒服，很合适！,1
这双鞋真的很不错 推荐 打折购入表示很开心,1
鞋底有弹性，蛮舒服的～   希望耐穿些,1
第一次买小白鞋，很满意了，脚感挺好的，穿上后走路都感觉气质独特，鞋子细节上也挺好的。挺喜欢的,1
正品爱世克斯的跑鞋，上脚轻便舒服，鞋款也不错，白灰相间好看，性价比很高。,1
宝贝收到后一直忘了评价了，宝贝包装严实与图片无差别，鞋型也是可以的。由于儿子一直在学校也不知效果怎样！后来问了下说穿着挺舒服的，我一直怕小了来着的，这下完全可以放心了。,1
确实不错，鞋底弹性也挺好，做工细致，脚型也合适，脚感舒服，美观,1
鞋子还行 穿着很舒服 但是这活动搞得感觉 价格越来越低 买的时候做好心里准备。可能是我心里作用。你们自己感觉哈,1
客服建议买了大半码确实不错，大小和阿迪的44码275内长穿上感觉一样，穿上舒适感也不错，性价比可以的一款鞋。,1
包裹性不错，颜值很好，入门应该很好。,1
买了两双一样的一个自己穿一个老爸穿，鞋子挺轻的，透气性很好，骑自行车可以进风的，鞋底有略微的踩屎的感觉,1
鞋子很棒，白色很好看，但是白色毕竟不好打理，穿着感觉确实和普通的运动鞋有区别，包裹感很强，也不很硬,1
鞋子挺好看小白鞋大爱，时尚百搭,1
质量不错，值得购买。本人比较喜欢白色。有点小味道，不重，凉了1天就可以了，可以接受。穿起来还比较合脚。,1
之前买了一双黑色的，现在再入一双白的，感觉鞋子真的好好穿啊，每天只跑不到半个小时，脚感真的不错,1
哦非常好，脚感很好，外表虽然不算太漂亮，但是这个价格已经很好了，质量可以。,1
第一次买ASICS，尺码应该比其他牌子的运动鞋偏小，，其他43，这个买43.5刚刚好~试穿很舒服，非常轻，透气性超好，用来日常压马路不知道耐穿不。。,1
鞋子脚感很舒服 物流也很快 主要的是物美价廉,1
看着应该是正品，因为第一次买这个牌子的，穿着超舒服，大小合适，以后从斯凯奇转这个牌子了，斯凯奇假货现在太多了,1
很舒适的一双小白鞋，脚感很好，比较透气，新鞋有点味，估计透一下气味会散掉，价格合理，比较喜欢。,1
刚换完就降价 鞋子很满意 才起来很软 就是白色太容易脏了哈哈哈,1
试穿了一下 脚感很好 很满意  领卷买的 便宜 又买了双女款 还在路上  跟老婆情侣款哈哈,1
第一次买这个品牌的鞋，选的白色款，夏天穿清凉，鞋子还行，与描述相符，舒服度不错。,1
给儿子买的第几双没数过了～他喜欢！,1
我怎么就没有你们说的踩屎感，总体外面不是很软，但是很透气，很适合这个季节买，样子又好看??是正品,1
很合脚，也很好看，质量还可以，挺好的,1
给老公买的白色鞋子，穿着特别舒服，质量棒棒哒，还会继续关注，感谢客服的爱心，做生意做的是诚信，百赞,1
跑鞋穿着很舒服样子也好看  比理想中还要好  朋友没介绍错以后就认这个品牌这家店了！,1
老公说很喜欢?? 终于收到我需要的宝贝了，东西很好，价美物廉，谢谢掌柜的！说实在，这是我淘宝购物来让我最满意的一次购物。无论是掌柜的态度还是对物品，我都非常满意的。掌柜态度很专业热情，有问必答，回复也很快，我问了不少问题，他都不觉得烦，都会认真回答我，这点我向掌柜表示由衷的敬意，这样的好掌柜可不多。再说宝贝，正是我需要的，收到的时候包装完整，打开后让我惊喜的是，宝贝比我想象中的还要好！不得不得竖起大拇指。下次需要的时候我还会再来的。,1
鞋不错啊，性价比挺高的 价格也很合理 平时43的运动鞋 这个选了43.5 建议大半码或者一码,1
鞋子穿着很舒服，大小和平时穿的一样，就是刚打开盒子的时候一股橡胶味，在阳台放了大半天才好，总的来说挺好的,1
鞋很正，穿起来也挺舒服，不过建议比不是跑鞋的鞋码买大一码，踩屎感倒没有感觉到，跑起来有点声响的。,1
鞋子非常好看，跑起来也很轻松，但是白色容易脏，勤快洗鞋子就好,1
挺轻便的！穿着也舒服！第一次给五星好评，个人觉得挺不错的一次购物，是室友推荐的。,1
感觉物超所值，活动入手的。跑步或者椭圆仪这类有氧缓震很不错 白色百搭压马路也ok,1
挺好的，比较舒适。性价比比较高。入手279。值得购买，值得推荐。,1
孩子六一岁活动需要白色鞋子，选了这款！孩子说穿着还算舒服！,1
很漂亮，包裹性好，踩屎感的话肯定不能和Adidasboost 相比啦，一分钱一分货嘛，已经很好了～还会继续光顾贵店,1
鞋子很好，老爸很喜欢。之前买的40.5偏小了，换大一码很合适~ 透气性不错，舒适度也挺好，客服也很好沟通，好评~,1
鞋子质量不错，穿着大小也比较合适，要是脚型偏胖的话就买大半码就可以,1
穿感舒适，外观漂亮，感觉是正品的品质。尺寸选得刚刚好??，very good.,1
买给老公的，真白啊，老公就喜欢干净，超级喜欢这双鞋，已经买了几双亚瑟士了，养脚，我也喜欢这个牌子，价位不高又舒适，穿好再来,1
一如既往的好，推荐！就是夏天应该有点热,1
鞋子偏小半码，正常42，买的42.5刚好穿，整体感觉性价比高！,1
鞋子好像大一点点，还好跟客服提前沟通好了不然就买小了，挺舒服的全五星，,1
耐克 阿迪  亚瑟士的高端跑鞋鞋有些舍不得买的朋友 就入手亚瑟士入门级吧 性能秒杀阿迪耐克同价位跑鞋（入门级）,1
尺码标准，款式不错，老公用来跑步穿的，他说很舒服，鞋子很轻，非常满意！,1
很好，如果再优惠些就好些，不知耐不耐穿,1
买了第一双后，就一发不可收拾，家里的男士都是穿的它，舒适感强，就是夏天穿透气性差些。,1
这鞋正是所期待的。收货后先试穿了一天，然后穿着去湖南张家界游玩三天，感受极好!,1
以我多年穿亚瑟士的脚感，和看起来的外观与捏起来的手感，是正品。男朋友很喜欢,1
穿着超级舒服！像是有双手拖着我的脚，感觉走路轻飘飘的，很舒服。,1
实在是太棒了，包裹性也很好，还没实战跑步，之后有机会再来追评,1
鞋子很舒服，大小刚刚好，就是被朋友吐槽说这鞋子外形太low  。。。。我告诉他亚瑟士的鞋子是经典！经典！,1
穿着特别舒服，鞋码也合适，回弹效果明显，等穿一段时间再回来追评,1
不是nb的那种舒适脚感，也不是阿迪的爆米花，但确实更适合跑步和运动，更有支撑。不会运动后疼痛,1
宝贝很好，客服服务也没有话说，棒棒的，下次还来买。,1
商品质量很好，值得信赖，比平常码大半码，大一码就合适了， 轻巧柔软，服务质量很好，发货速度也快，一如既往的赞，谢谢卖家。,1
第一次买亚瑟士的鞋子    收到货孩子一直穿着   很舒服透气性很好,1
跟其他牌子运动鞋比，前脚掌略宽一点。。穿起来很轻便。。其他牌子运动鞋41码，这个鞋子41.5正好！,1
穿起感觉非常好，轻巧，防滑。小朋友很满意，五颗星,1
没有大家说的溢胶严重啊，我觉得挺好的，穿起来很舒服，跑步比以前穿的普通运动鞋舒服多了，看来专业的事情就得交给专业的去做,1
Nice!!舒适、透气、轻便、有一定回弹支撑，日常跑步穿都适合。,1
宝贝收到啦. 物流很快，鞋子颜值也很不错～就是效果比理想的差一些，没感受到传说中的踩屎感，总体还可以,1
我觉得比较好  但是有胶点,1
脚感好，性价比算是很高的了 减震效果确实是可以,1
快递很快，买这鞋主要是夜跑，很轻也有弹性，码数很实在，平时41的鞋穿41.5正好，整体感觉很好,1
鞋子还算舒服，只是没有图片那么流线型好看，总体还是可以的,1
鞋子超好看，很合脚。穿着也很舒服正不正我看不出来但应该对得起这个价格,1
还可以，差不多这个价位吧，细节做的不够好，下次打算换其他品牌同价位的鞋子试一试,1
东西穿了平价运动鞋的感觉，但是运动感更强，这个价还比较值,1
第一次买亚瑟士的鞋，穿着很舒服，样式也好看，以后还会继续买的,1
直接寄送到学校的，儿子说穿着还可以，这款性价比不错哟！,1
穿着非常舒服，已经是第三次购入了，舒适度很好，典型的跑步鞋！,1
一到就拆开了，很帅气，包裹度和踩屎感都不错，这个价格很划算,1
穿着倒是还舒服，鞋子也漂亮，适合春秋天穿，夏天穿太热了,1
儿子特别喜欢，当天就穿上了，舒适不打脚，特意买大半码，很好！,1
很舒服，走硬地面像踩棉花一样，跑步很舒服,1
第一次买该品牌的，订了四双。试穿了一下，感觉不算太差。具体到人体工程学做得到不到位，要走长路才检验得出来！好穿，下次接着来，然后呢？就没有然后了。就是发货速度有点奇葩，从下单到收货，居然没超过24小时，怀疑附近仓库。,1
真的很不错   质量可以   跑步有采棉花感,1
看起来还不错，试了一下也感觉很舒服，穿段时间再看质量怎么样吧！,1
鞋子挺轻的，穿着也舒服，辛好多买大半码，不然穿不进去,1
这个真的是性价比超高了，又好看又便宜又舒服，踩屎的感觉！！穿着特舒服,1
穿上特别舒服，走了20公里徒步，脚上居然没有起泡，赞??！,1
鞋不错，右脚面有点磨脚，左脚就没事，哎，难道是脚的锅？,1
给爸妈穿着散步的，反应还不错~,1
很好，第一次买亚瑟士，以前都是阿迪耐克，这么说吧，脚感比pb好多了。以后买跑鞋还会选亚瑟士。,1
应该是正品，做工还不错，缺点就是鞋底遇见湿的地面容易打滑。,1
轻微踩屎感 穿起来真的舒服 包裹性很好,1
客服推荐46码 码子大了 鞋底有点硬 不知道跑步怎么样 试试在来追评 服务不错,1
外观不错的，脚感跑步个人觉得ok,1
很舒服，包裹性，脚感都很好，另外胶味也挺重,1
做工不错，后续看看质量如何，小白鞋很帅也很容易脏,1
白色挺时尚的，穿着也很舒服，比我在外面买的还要实惠很多，也很轻跑步健身都不错蛮方便的，嘻嘻，喜欢这个款式，很不错的一双鞋，也十分透气，跑步的绝佳选择！而且价格还过得去很实惠啦！鞋子颜色造型很喜欢，底部比较有弹性，穿在脚上很舒服。其次，鞋面是网面的，看起来比较结实，也很透气。 值得购买,1
鞋子是活动的时候买的，第一次接触这个牌子，挺值的，性价比非常高，鞋子颜值也高，棒!,1
平时穿43的运动鞋，这个买大了半码，穿起来刚刚好～,1
穿着可以 鞋底不是特别软 就是不耐脏,1
品质超群，价格实惠，外观也不错。,1
鞋子是真的好，试穿了有一个礼拜，穿上很舒服，真的有踩屎感，跑起来很轻快,1
鞋子很漂亮，也比较舒服。物流很快,1
给男票买来跑步的，颜值比想象中好很多，男票试了下非常满意，迫不及待的想去跑步啦～,1
虽然是雨季买的，下雨天都舍不得穿！天气好一定要穿出来秀秀，很骚！物流也很快，物品和图片一致，供各位老哥老妹参考！,1
鞋子真的很棒啊，趁着优惠买了，上脚就很舒服，一直喜欢Asics 的鞋子，很棒,1
鞋子包裹性好，耐克4 5码这双46码正好，就是夏天穿感觉闷了点，好评!,1
试了一下，很舒服，物有所值,1
还不错，鞋子比一般鞋子有点稍小，建议买大半码或一码,1
鞋码建议大家买大一码，我平常43，43.5刚刚好，鞋子不错的,1
很不错的鞋，大家买的时候最好大半号，注意尺寸。,1
外观感还行！穿一段时间后再评质感吧！,1
看着还行，上脚也挺舒服的，休闲39码，此款40码刚好。,1
买了好几次亚瑟士的鞋子了 穿上跑了几次 减震不错 跑起来不费劲 好,1
穿这很舒服，鞋底很软，鞋子轻巧。,1
这款跑鞋真的就是我找了很久想要买的款式，白色挺时尚的，穿着也很舒服，比我在外面买的还要实惠很多，也很轻跑步健身都不错蛮方便的，嘻嘻，喜欢这个款式，很不错的一双鞋，很有特点。这双鞋透气，整个鞋身都可以起到通风换气的效果，穿上去不会使脚过于干燥，也不会起汗，没有脚气。鞋子还很轻巧，鞋底的设计也会减小走路时用的力气，很不错。感觉这个就像轻泡的感觉，所以还是很耐磨的，也十分透气，跑步的绝佳选择！而且价格还过得去很实惠啦！鞋子颜色造型很喜欢，底部比较有弹性，穿在脚上很舒服。其次，鞋面是网面的，看起来比较结实，也很透气。,1
买回来只穿过一次，还是不错的，但是最好穿长袜，后跟有点磨脚。,1
520优惠买的，以后可以经常去跑步了！,1
送男票，618看了很多牌子的休闲鞋运动鞋，耐克，阿迪，锐步，斯凯奇，耐克阿迪有的款很好看，不过旗舰店风评很不好，做工不好有假货，锐步斯凯奇去看的时候已经没券了，所以最终选了亚瑟士，价格不贵，质量过得去，适合跑步，男票说还不错，底稍微有点硬，不过可能跑多了就好，我觉得没有说的那么丑，挺好看的，白色的挺青春的，可能没那么潮，但是看起来挺清爽，也不算闷，挺透气。不知道后面怎么样，穿一段时间追评。,1
穿着有点硬，真的不知道为什么都说踩屎感，估计大家都180斤吧，可以说的是他的款式，很潮流，要不是我穿不白白色的运动鞋，所以买了一个黑色的，并且朋友说好看，估计这个买点就在他的价格和外观了，没办法，已经买了哈哈哈，就这样&hellip;够了,1
穿了一星期，感觉吧，透气还行！鞋底偏硬，鞋子里面有个鞋垫很厚踩着软一点，跑步的时候还是挺舒服的！外观侧面看很好看，修长，正面看有点憨厚笨重的感觉，然后白鞋嘛，非常不耐脏！很容易沾上泥之类的，拿来搭配慢跑还行，经常长跑还是不要买白鞋比较好！总体不错，200多的价位有这个质量挺好了（没图片就随便找一张了）,1
做工不错，309元买的，居然有踩屎感，基本无瑕疵，本来想买来当走街鞋穿的，没想到可以用来跑步，出乎意料。白色不耐脏是一定的，透气面料，但不是那种一层网露肉的，满分吧，物有所值,1
第一次买亚瑟士的鞋，听说包裹性好所以要买大一点，就买了大半码的，发现后跟有点松，懒得换了就垫个厚鞋垫，鞋带绑紧点穿。穿着没感觉出和其他鞋有太大区别，正常好评吧,1
买了好多他们家鞋子，鞋子好处就是轻，穿着舒服，鞋底质量好耐磨，坏处就是样子丑，还有一些款式鞋帮面料非常不耐磨，这种情况在其它家运动鞋上从来没发生过，希望能引起厂家设计人员重视，换个面料供应商吧,1
挺好看的，穿着跑起来透气性很好很凉快，就是底比较硬。要是想要弹性或者软底的鞋就要注意啦,1
白色好看不耐脏啊，治懒利器！跑步五公里，感觉尚可，脚稍累，配速提不起来。另一双稳定版溜的飞起。这鞋出去浪可以，跑步你也刷不起。定位：亮骚。 尺码标准，除非脚特肥否则根本不用加大鞋码。,1
有些一波三折，一开始一直纠结码数，我平时跑鞋穿41，篮球鞋穿42，大家都说这款鞋型窄，所以我买了41.5，结果到货发现还是窄了，鞋头挤脚了。所以我又换了42.5，今天终于到了。迫不及待的穿上，体验到了踩屎感，码数刚好，穿几天之后再追评。,1
到货速度很快的，基本上居然第二天就到了，鞋子不知道跟专柜的是不是一样的，反正这个价格真的是相当的实惠了穿起来还可以吧，我觉得专柜的还是有些微的差别，或者这个可能不是新款是前几年的老款然后拿出来打特价的。,1
刻意过了这么久来评价的 第一次买这个牌子的鞋子 性价比很高 舒适度很好 最重要的一点 同类型的鞋子相比起来 是真的很透气 脚前部分是真的凉快 可以感觉到空气能内外流通那种 而且够轻完全没有多余的负担 真心推荐！！,1
鞋子外观漂亮，时尚，试穿后很舒服，脚后跟有点硬，能很好保护脚踝，前面和两侧透气孔很多，能很好的散热，很满意的一款鞋子,1
包裹很快收到，鞋子很正点，亲态度很好解答鞋子尺码，我185cm 185斤穿44码刚刚好和我平时穿的耐克鞋子尺码一样（很标准）包裹性透气性很棒，一阵大风吹过脚趾头都凉凉的很舒服，物美价廉、再买再关顾亲。,1
刚打开包装时吓一跳！怎么大了那么多？实际上脚却不大，穿着刚刚好！ 原本是想买李宁的第十五代跑鞋，偶然看到这双鞋子，关键是价格还比李宁的便宜，于是就拿下了。的确偏小，一般加大半码，脚肥的加大一码就对,1
哈哈哈哈哈哈哈哈呵呵哈哈哈哈哈哈哈哈哈哈哈呵呵哈哈哈哈哈哈哈哈哈哈哈呵呵哈哈哈哈哈哈哈；先凑波字数；然后：不软不硬，毕竟便宜，主要是颜值，其实也不算好看，有点肥大，总体8分，习惯5分好评,1
第一次体验亚瑟士。首先物流很快。看了评论一直担心在运输过程中导致包装损坏，一再和客服确认后才下单。鞋子和想象中的一样，最近跑步鞋不合适导致脚痛才考虑买双跑步鞋，这款在亚瑟士里真的算很低价了，当然也是很初级的入门级，真假的话不好妄自评价，希望有好的体验。学生党表示努力攒钱从入门级向中级过度??,1
平时穿39.5码这款40.5正好，已经跑过步了非常非常非常非常舒服，为了和男票凑成情侣鞋又买了一双黑色，鞋底很软，价格也这么白菜总之满意到爆灯！（实话是确实比nike外置的那种观赏性气垫鞋舒服很多）,1
不错的鞋子，亚瑟士的鞋就是样子丑，不过架不住儿子喜欢，说是穿着很舒服，鞋底软，还轻。过几天的体育考试就指望穿着这双鞋能考出一个好成绩！,1
宝贝已收到，鞋子可以，就是有一点显脚大，不过毕竟是入门跑步鞋，然后缺点就是包装太简陋了，连个袋子也没有，不过价位低性价比不错，还是给个好评，因为客服服务我很满意！,1
第一次入手Asics的鞋，总体感觉在这个价位还是很不错，缓震方面可以体会得到，昨天跑了5公里，有了大概的了解&hellip;&hellip;首先，鞋面的包裹性很强，但是散热方面做的并不太好，如果是长时间的慢跑是有明显闷热的感觉：其次是鞋底，感觉大底耐磨还可以，但是部分细小的纹路可能比较容易磨损，最后gel的缓震是有明显的感觉。总体来说，在这个价位这双跑鞋的性价比还是很高的。物流方面选择了圆通，其实如果是顺丰的话可能是要更快一些，可能三天时间顺丰一般只需要两天。,1
头一次买这个品牌的鞋子，轻便，包脚，鞋底软硬适中，码数也合适，平时穿42码的，这个比较宽松，鞋带系紧一点就OK，不影响穿。做工不错，活动时买的非常划算，这个价位买到这个品质的鞋子，还是蛮惊喜的!,1
东西刚买回来还是有些磨脚，不过鞋子的颜色很正很亮，搭配些亮色的衣服是非常给力的。还有些增高的效果，穿了也不显得突兀，这就很有灵性了，对于我这种170大部队的男生穿后身形略显修长，气质又加了几分。 底子蛮软的，至于跑起来怎么样？还没试过，有待考察。总之呢，不错。,1
给老妈和老爸一人一双的情侣鞋。老妈老爸说穿着挺舒服的。相信亚瑟士的跑鞋，性价比也高，比耐克阿迪同价位的穿着舒服。会回购。,1
好气呦，为了不显示自己是哪个大学涂马赛克涂了半天，刚评论了另外两个，然后现在来这里评论 为了淘宝积分我手指头打字要抽筋了。好了，让我们进入正题，第一次穿就跑了四千米，感觉挺好，第二次穿去跑步突然感觉两只脚脚感不一样 好难受偶，我也不知道踩屎感是什么东西，第一次软 第二次就不那么软了，手指要折了 不说了 比618价格还贵了十块钱,1
亚瑟士的鞋子买不下于五双了，很耐穿，关键非常舒服，故意选大半码，稍微有点松，但是不影响，夏天穿很不错。活动买很划算！,1
穿着挺舒服，没有踩屎那么夸张??做工挺好，鞋面比较薄可以透光，看看穿久了再来追评,1
东西不错、值这个价位、入门级的、就是味道有点大、码数还好、等跑步以后在来追平、就这样吧,1
这双鞋鞋底超级棒的，外表摸起来没有很软，但穿起来很舒服，而且我也没有觉得很容易脏，可能在学校穿的缘故吧，一个星期下来也没有很脏的，很建议买哦，不过现在穿久了就会有点闷的感觉，毕竟天气热了嘛！不错的哦！,1
先说说外包装吧，外包装包装的非常严实，卖家特别的仔细。再打开看看里面，东西也确实是很好的，特别的超值，第一次在这家买，非常轻便，颜色好看，建议买大一点的号码。呵呵，谢了。家人见了都说好看都很喜欢。非常好。客服人很好！预祝生意兴隆！下次再来哦 ！店已经收藏了，值！,1
包裹性好，不过我跑五公里脚掌就开始疼了，这一点不如我三百多的锐步，不是我打广告。毕竟是入门款，性价比已经算高的了,1
鞋子看起来比实际短一些感觉还是蛮不错的，但是鞋底的减震效果没有理想中的那么好,1
鞋子很好，穿着轻便好看，价格也合适，喜欢。,1
码子正，而且挺好看的，穿上跑步也很轻快，搞活动性价比也很高,1
踩开了还是比较舒服的，性价比非常高，包裹性很好，255的脚41.5足够了，我买大了半码。,1
穿着很舒服 软软的 外观漂亮有复古感 准备运动会穿 好评！,1
很久没有穿到41.5的鞋子了，所谓包裹性好就是鞋子不是特别大或特别小。多一分就大少一分就小，比较比较合脚，也轻便，鞋底弹性还行，没有别人吹牛逼的那么舒适。,1
不错舒服质量不错包裹性可以，270厘米穿 43.5号正好??????????????????????????,1
鞋子很漂亮，不想跑才去跑。这是跑者的思维方式！一个人即使再有才华，但是没有一个健康的身体，没有充沛的体力去让你&ldquo;流汗&rdquo;，最终也无法支持你实现自己的理想。,1
尺码标准，穿着舒服，但时没想象中好看，颜值中等都不到，可能脚小的穿着好看吧??,1
鞋子非常轻  而且鞋底非常软 穿着走路跑步都特别舒服 虽然是入门级跑鞋 但是专业跑鞋品牌就是不一样,1
挺舒服的 还不累脚 就是太容易脏了 每天回去第一件事就是擦鞋子,1
作为入门款反正挺舒服，在这个价位的鞋中绝对值了，跑步用这个牌子完全可以,1
和大家分享的评论一样，比自己想象的要好！穿上之后包裹性很强，有专业跑鞋的感觉！赞！,1
不错，脚感舒服，40.5对于穿惯的40码，大小正合适，不亏是专业跑鞋，外形也很阳光帅气啊。穿的人更帅气哈哈哈哈??,1
比预想的好看，质量还不知道，穿着挺舒服的。后期有问题再追加。好评。,1
还不错看起来很清爽。透气。就是鞋底比较硬。五年前买了一双女式的鞋底很舒适。也是基础款的。根据经验买大半码，结果发现有点宽松。也不错。总体来说还是不错滴,1
给弟弟买的，他说不错，赶上搞活动，下次再买，自己穿的也是这个品牌，跑步运动超赞,1
跑鞋尺码比较合脚，走路弹性很好，感觉很轻很舒适，颜色好白，挺好。,1
刚刚试了一下，脚感确实不错，就是外形emmm还可以颜值主要看人????,1
前后左右仔细看了下，没毛病，两侧很软，鞋底很硬这设计符合了跑鞋基本要求，穿着也舒服，是否耐磨要过一段时间检验，应该是正品,1
鞋子上脚很舒适，包裹性不错，270的脚43.5码正好，听客服推荐还是正确的，白白的鞋子赶上309的价格，还是挺满意的,1
好看是很好看哦  买大半码  就是我跑起来真的一出汗很热哦    很热很热=_=,1
超喜欢的，平时39半的这双40的合适！脚感很好特别舒服！上脚也很好看！,1
鞋不错，就是味道挺大的，不知道是不是正品，以前没买过亚瑟士，官方旗舰店应该没问题吧，但以前就在别的品牌旗舰店买过假的，总的来说还不错，这几天下雨，晴天穿着试试,1
鞋子很漂亮，穿上特别帅气。还是白鞋子好看。??,1
质量不错的，没发现啥瑕疵。脚感舒适，略磨脚，不在意。跑起来还是挺爽的，弹性刚刚好的。这个价位这双鞋已经算不错了，是我比较满意的一次网购。不是拖，谢谢。,1
第一次入手这个牌子的货，收到货后迫不及待就跑了一次步，鞋底很软，穿上很舒适，鞋子也很轻，个人感觉跑步很不错，唯一有点不足的就是有点气味。其他都非常的OK。,1
味道是有点大，穿起来还不错，毕竟才两百多，挺值得,1
刚刚拆封，准备健身用，目前看还不错，感觉比其他世面的鞋稍大了半号,1
挺好的，鞋底比较软，平常运动鞋穿43的，买的大半码正合适,1
白色很好看，第一次穿亚瑟士的鞋子，穿穿看吧 ，质量如何。,1
哇，真的很棒，感觉也挺好看的，很舒服，软软的。这个价位真的是很惊喜了。过两天感觉要再买一双黑的来配。,1
久违的脚感，总之就是很好很快很好很快很好很快很好很快很好很快很好很快很好很快很好很快很好很快很好很快很好很快很好很快很好很快很好很快很好很快很好很快很好很快很好很快很好很快很好很快很好很快很好很快很好很快很好很快,1
看到有活动，买给弟弟的，鞋底也不是软，应该说有一定弹性，有缓冲感。,1
儿子很喜欢，说底很软，穿着舒服，已经穿了好几双亚瑟士了。,1
穿着蛮舒服的，就是气味很大，放了一天还有气味，还没有试跑，跑完再来评价,1
外观还可以  不过盲目自信觉得自己脚肥  买了42.5  后悔了  有点大  但是懒得换了  可能是因为价钱没到的原因 踩屎感我没感觉到??  平时运动是足够了反正,1
这种鞋呢，只有自己上脚才知道多舒服。 相比于前两次买的跑鞋呢，那款反光夜跑抓地更好，这款包裹性更强，推荐入坑。,1
外观还行，不过一拆开就有一股胶味。 一下子就降低了印象分，不过毕竟产地是越南，又是这个便宜的价格。 总的来说穿呗，反正一双鞋。,1
47&amp;37这对比&hellip;&hellip;&hellip;不过入门级的跑步鞋这么舒服很不错的,1
外观还行，就是感觉鞋有点硬，特别是脚后跟里面不知道是什么，像木板一样，还有就是在地板上很滑,1
鞋子穿起来很舒服呢 一般用来跑步的 美中不足的 就是后跟有点硬 跑久了会磨脚,1
入门级的跑鞋，很不错的，缓震不错，还以为大品牌的入门级会比较一般，然而出乎预料了！性价比高比耐克舒服多了比阿迪舒服太多太多！专业跑鞋没说的！一样的价格你还有什么理由去买李宁？怎么有点像是店家花钱叫我来评论的感觉。。。信不信随你们我买了我赚了？,1
一般吧      可能是低端款      不过我好奇为什么这么大的塑料臭味         其他还没发现什么问题     适合脚瘦的人,1
一直穿的asics 外观不多说 喜欢的会非常喜欢 然后很舒服 不过这款略偏小,1
太舒适的感觉~以后跑步真的要选亚瑟士，鞋垫都不一样~第一次买~之前都是穿普通综训鞋跑步，脚底还是不太舒服~,1
穿着很舒服，前掌的踩屎感特别爽,1
包裹性还行，中底很软穿着很舒服，感觉还是打了半码，不知道为啥没有41的码，穿穿在评价。,1
还不错，后跟有些硬的。滴滴答答滴滴答答滴滴答答滴滴答答,1
挺好的，穿着也可以，很棒棒(?BB?),1
鞋身很好看.确实要大半码或者一码！后脚掌很舒服 缓震不错 前脚掌偏硬！毕竟价位在这里！还是不错的,1
很值 穿起来很舒服 亚瑟士,1
穿着舒服，手感也很好 不错。,1
好像还可以的，就是还要12块的快递费。44码真的好大。比我43码af1大一截啊，没办法，那个鞋子打脚。希望这个好,1
倒是很舒服。很轻啊，不知道为啥这个胶水味这么大！！！！！！大家有没有这个现象！还有要买大一号,1
给儿子买的，试穿了下挺合适；样子很好看，希望他穿着舒服（儿子脚厚实多肉）,1
白鞋，很好搭配衣服，本来想买自己穿，老婆也很喜欢，就买了两双，情侣鞋^_^穿着很舒服 好,1
每次我跑8公里，感觉还可以，后面在评价。,1
大家别都说买大一码，那是脚肥或宽的人，我推荐不是前者就正常码数。低软而弹。跑过，有什么之后再说。,1
收到鞋子 真的很好，正品的 没问题??。,1
鞋子很好看，穿起来也很舒服，脚底很软。 用来跑了两次步，感觉小腿和膝盖略疼，不知道是鞋的问题还是其他问题，现在已经日常穿了，不用来跑步了,1
鞋子是真的好看，非常的舒服满分,1
快递非常快，鞋子很不错，透气还很轻，适合运动，价格比较合适，满意，就是味道有点大,1
感觉鞋底有点硬，买回来就跑了一个5公里，和之前的阿迪相比脚底明显感觉硬好多，跑完脚底板有点痛的感觉。可能还没有习惯的原因应该,1
颜色什么的很正，但是鞋子穿起来会有一点打脚建议买大一码的,1
舒适有卖穿，跟你阿金HK你OK岁末我这个路,1
昨天就收到了，今天正式穿出去跑了一阵，确实不错。那种专业性跑鞋带来的踩屎感让人很舒服。虽然这双只是入门级，但是对于我这种业余人士来说已经足够了。,1
非常好的购物体验，做工精细，样式美观，质量很不错，穿着合脚舒适，很满意，应该给好评！ 服务很好。,1
之前买过一双亚瑟士，穿着确实很舒服，而且鞋子不贵，已经过了穿耐克，阿迪的年纪，亚瑟士真的很适合自己,1
特别满意，大小刚好，没有踩屎感，我180斤踩着还行，估计体重轻点的会觉得有点儿硬，活动时候买的，还挺值的,1
说实话当初买这个鞋的时候，抱着试一试的态度，因为看评论说鞋不好。但是收到货以后真的挺好的。我脚肥脚宽，大半码正好！我不说谎,1
可以，没啊不错，抢到优惠款买的，谢谢啦，谢谢了，哈哈哈哈哈哈，这次活动给力，下次有活动我一定继续买。！！！！,1
不错不错，就是坐在办公室鞋子塑料味不是一般的重，舒适度方面还好。,1
这款鞋子不错的，第一次拍大了，重新拍了就刚刚合适，和耐克的码子一样大小，版型不错！很软，跑步应该好穿的！,1
赶紧自己太赞了，第一次买这个牌子，还没去实体店试过，选了37半刚好合适！很好看而且非常舒服！一直喜欢日本的文具，现在又被日本的鞋圈粉了哈哈哈,1
刚开始穿不太适应，适应一天鞋璇打开了就好了，跑步很好的呢，缓震效果不错的，脚穿没有压迫感，不伤膝盖不伤脚踝的，便宜实用。不错不错不错不错不错不错不错不错不错不错不错不错不错不错不错不错不错不错不错不错不错不错不错不错不错不错不错不错不错不错不错不错不错不错不错不错不错不错不错不错不错不错不错,1
昨天刚到的鞋子，有一只鞋子的鞋垫不贴合有点硌脚，联系客服给了我这样的回复，非常失望,1
讲真鞋子非常漂亮，跑步首选，我平时35的36的都可以穿，但是考虑我的脚比较瘦，所以这次选的36，刚刚好，舒适感可以的，就是还没到地面去感受，目前不能说有踩屎感，不过我就是买来平时随便穿穿的，运动鞋比高跟鞋舒服的，保护保护自己的脚，后面穿的好我再来追评，大家放心购买，真的很漂亮！,1
第一天穿着上路，感觉脚底不舒服，希望第二天会好些，鞋看起来挺漂亮的。,1
给妈妈买的，说舒适度还不错。但是防滑需要加强，母上说公园跑步滑了&hellip;&hellip;,1
平时运动鞋穿35.5，这个买36刚好，脚感也不错，就是跑步会发出响声，其它的运动鞋都没有过，不知什么原因，6.18买相当实惠，颜色搭配也OK。,1
特意穿了一段时间来评价的 非常满意，关注这个品牌好久，趁活动先来个基础的试穿一下，评论里说这个牌子的鞋偏小  我平时穿38得运动鞋，这双选38 开始穿得时候，有觉得有点压脚，因为鞋型比较瘦 穿几天以后就没有问题了，很舒服  大小没问题 实物比照片好看很多,1
之前不到一个月买过一双，这次是凑单减30，还是挺划算的。在家做HIIT穿，够用了。为了跟之前的那双区分开来，换了一双鞋带。这款适合瘦脚。,1
超级！喜欢！！！本来&hellip;&hellip;！但是，我被这双鞋征服了。。。一打开发现颜值挺高的啊！穿上发现好合适啊！！走起路来发现好舒服啊。。。然后我决定！留下这双美貌的鞋鞋~实际真的比拍出来好看(????&omega;????)????好评好评好评好评好评好评好评好评好评好评好评好评好评好评好评好评好评好评好评,1
认识这个牌子的鞋子是医生建议我买给妈妈穿的，我妈妈腰椎做了手术，穿k23最好，我没买贵的，这款看起来不错，价格问题，没妈妈那双舒服，但还行，希望越穿越舒服。,1
入门级跑鞋，比较好搭衣服，舒适度在同等级跑鞋里不突出，随便穿穿就好啦！做工不错，溢胶比较少，希望寿命长一些吧！可以说是一分钱一分货了，有跑步需求的不推荐，平时走个步逛逛街还是很舒适的！618折扣力度感人，优惠券加津贴，一百多一点的价格我表示非常满意！,1
【狂欢价】ASICS亚瑟士MAVERICK 2缓冲跑鞋运动鞋跑步鞋女鞋包裹性适中，鞋底超软，穿着非常舒服，特别喜欢。继续关注。,1
原本以为这个鞋子会很丑，但没想到居然这么好看，穿上脚非常的舒服惊变走路也非常好，一点也不累，而且很显脚小，以后还会来买哦，希望有更多好看的新款,1
第一次买亚瑟士的跑步鞋，尺码合适，内垫很软，买来跑步穿的，上脚效果很好，穿上它弹跳了几下，缓冲性能还不错，很舒适。,1
看图片的时候觉得丑。穿到脚上，还不错。颜值还是可以的。也很舒服。一跑马拉松的朋友推荐。且，超便宜。,1
当大家看到我这一大串评论时，表示我对产品是认可的，尽管我此刻的评论是复制粘贴的。一方面是为了肯定商家的产品以及服务，另一方面是为了节省自己的时间因为如果对产品不满意，有什么问题或者跟描述有太大出入我都会直接说为什么的。所以，大家就当做产品好评的意思来看就行了。最后，祝店家越来越好，大家幸福平安，中华民族繁荣昌盛。,1
跑了17N。感觉还不错，但是鞋头皱折痕很明显，过段时间再来追评,1
鞋子很好穿，特意穿了两次才过来评价的，用来跑步确实不错！真的是一次不错的选择，听妹妹介绍的，犹豫了很久，终于买了！,1
思来想去的还是决定买大一码，结果拿到试穿感觉正好，是不是这个牌子的偏小一点，还是鞋型的关系，总之买大了一码正好，很满意，急着要，给我当天就发货第二天就拿到手了，客服棒棒哒??????,1
我之前买了现在推荐给老婆，穿起来很舒适，希望以后款式能有改进。,1
首先特别感谢客服的耐心！一开始买了白色那双，后来觉得白色网面实在太容易脏了，就换了这双，鞋码是去实体店试了37.5，比脚码大0.5-1码。然后昨天到了穿着先跳绳试试，后跟能感觉一个东西在移来移去难道是黑科技？？&hellip;&hellip;还是我的错觉。。这款鞋型挺瘦的，所以穿起来还可以，耐看，大部分用来跑步逛街应该没毛病,1
给客服sid好评，推荐的鞋码特别合适！穿了以后感觉这鞋是长在我脚上的，特别舒服！不过这个鞋真的是看脚型，我室友脚和我一样大，听我说好穿，也试了试，她说不舒服。我脚瘦，体重55kg，穿这个平常走路而已，就算跑步也有塑胶跑道，特别合适，底子很软，没想到低端系列也这么好，感觉以后要入坑亚瑟士了。不过，这个配色，略丑&hellip;&hellip;看在它舒服的份上，我还是会买的！,1
昨天穿着跑了十公里，脚没有像以前那样震的疼，鞋底超级软，踩屎感十足。 我的脚平时穿38码的，运动鞋都是38码，然后这个我买的也是38码，穿进去正好一脚，一点点紧，一点点，穿一段时间就好了，给亚瑟士打call，这个配色也挺好看。,1
夏天穿感觉略厚，秋冬运动跑步穿还是不错的，包裹性较强，鞋底厚踩上有厚度回弹效果好。样子并没有太好看，毕竟是个老款，价格低性价比很高了。功能性足够用了，买来专门来健身房的！我脚37标准码，这款37码挤，换了38就刚好，穿松之后还可以加鞋垫。不是外表控的推荐！另外发货快，物流快。,1
很好！暂时还没有开始跑，准备暑假减肥跑步穿，走路脚感还可以！旗舰店还是相信一下正品吧。。。看了很多人安利这个牌子，就随便买了一双他们的鞋试试看。挺好的，码数很正，反正我按平常码买，大家可以试一下！！物流还可以,1
穿上鞋去冒险，在白崖上近期奔跑。已经舒服到泪奔了，踩到牛粪也没有这么舒服啊！牛便便是不是软软糯糯的感觉呢？好开心，好幸福。好软软软糯糯米糍粑粑麻麻粑粑粑麻麻辣！,1
包裹行强，鞋底挺软的有减震效果。对于体育生来讲这鞋可以了。,1
鞋子还可以，穿着挺舒服的，黑色的也很百搭。跑步也跟好。价钱不高，喜欢的小伙伴可以赶紧购买哦??⊙&forall;⊙！,1
鞋子很舒服，跑步也很跟脚，而且当做平时的休闲鞋也不错，百搭的鞋子,1
还没有踩屎的感觉，但是38码的脚需要39码拯救，希望如所说跑步合适啦，颜值的话远看也和可以啦，只是不可近看端详,1
真的单看鞋子很一般，穿上觉得很不错，很轻，跑步很棒,1
鞋底超级软！！！踩屎的感觉，买大了半码，正正好好。颜色搭配挺喜欢的，关键是便宜啊，300不到买到一双舒服的鞋子何乐而不为呢。,1
自己看吧两只鞋头不一样 我是真的没时间退然后给我自动确认收货了心塞,1
鞋子还不错，和图片相符，号码也挺准的。,1
姐姐穿过店家的鞋，推荐我购买。试穿买回的鞋，舒适轻便跑步鞋。真是好穿。好评,1
这双鞋很包脚，跑步轻松，如果要跑步的朋友建议买大一码，我我买的正合适的码，跑步前几天很夹脚，不过跑跑也就适应了，跑步的朋友买大一码最好！,1
参加舒服，码正，适合跑步～～～,1
鞋子收到了，它比我的另外一双跑鞋重一点，很防滑，下雨还没有穿起来跑步过，试过之后再来追评,1
我买37码，现在优惠一些出！有想要的联系我 码数正，没穿过，女儿想换浅色的，只是吊牌着急剪了，换不了，所以我现在优惠一点出。,1
穿着很舒服，之前鞋买小了客服也很耐心的帮我解决了，棒棒哒,1
鞋子很轻 穿上比照片好看  跑步夏天有点烧脚,1
试跑了一次再来评价，鞋子很轻，中间段有点紧脚，把带子放到最松就好些了。,1
超级舒服 很适合我慢跑 颜色样式也很喜欢 有一点踩屎感 很实惠了,1
好穿！然后我38买38合适～包裹性挺好的，性价比很高啊～,1
鞋型偏瘦，鞋码却偏大了半码。 其他的都很喜欢， 实物比照片好看一点,1
鞋子超级轻，平常就穿245的这次也买的245的，正正好。很喜欢。当初下单的时候还觉得不太好看，但是穿上很好看，黑色配艳色还不错哦～总之很满意。这是在亚瑟士买的第一双鞋，已经迫不及待想要去跑步了??如果穿着效果确实不错的话以后还会继续入手的～,1
本来是两双买着有优惠搭的这一双，结果结果，超级喜欢，颜色特别漂亮，上面的走的线都是彩色的，跟黑色的鞋面搭配起来真的好漂亮，鞋底是奥利奥冰淇淋颜色的，感觉好时尚，图片上看不出来多漂亮，实物真的很好看哦~~穿着很舒服~~~买的就是正常的码数，正好~~如果喜欢宽松的，大一个号码应该也可以~~~,1
逛迪卡侬的时候看到这个牌子的鞋子，觉得好看但是有点贵就网上找了一下，正好做活动，马上入手一双试试。挺好的鞋子，跟图片一样！35码的脚买了36，一看盒子上的标注，原来页面上的36码就是225mm。本来觉得黑色的运动鞋不好看，不过穿上还不错。,1
今早穿跑步7，很轻，平常短跑合适，平常穿鞋码36，选的36码，在后跟处可伸进一根手指，一般这种状态下鞋子就都算合脚了。来刚试时前脚掌最宽处会有轻微挤压感，走两步便会好。,1
刚穿上的时候，觉得不怎么样，但是谁知道竟然有越穿越软的感觉，也很轻便，平时训练，热身慢跑的时候穿它正好，感觉很好，防震，腿也好多了，但是竞速穿它确实有那么一点点沉，平时也穿着出门，看着不怎么好看，实物穿上其实挺好看的。,1
亚瑟士的鞋跑步一直穿，之前买了一双其他款式的，想着再买一双换着穿，脚感很好，鞋码建议买大一码比较合适！穿上脚还是很好看的，不过看你追求什么了，这个牌子的鞋设计一直很迷离，哈哈,1
老公脚踝曾经受过伤，所以对鞋子要求很高，向我推荐这个牌子的。样式多样，很多看着挺亮的颜色穿到脚上效果更好。这双鞋是给十几岁的初中生买的。颜色靓丽，穿上更好看，符合春天的气息。卖家服务好，退换货方便，不拖沓，有大牌风范！,1
不好意思评价晚了，非常好的店家，东西很喜欢!经过我的亲身体验，这家店的信誉是相当的不错。宝贝的质量更像钻石一般。一个字好，两个字很好，三个字非常好。哈哈&hellip;&hellip;感谢，价格很便宜，质量很好呀。款式、材质我都挺喜欢的。如果有需要我还会继续光顾你的店铺。。,1
收件后试穿，感觉透气性不错，后跟包裹性好，鞋底软硬适中刚好，防滑耐磨只有等穿后一段时间才知道，款式还可以颜色虽然略土了些但价格优惠上脚体验也不错，还算满意，下次会再考虑款式再好看些的,1
货收到，漂亮的鞋，试穿很舒服，瘦板的，号型标准，就是两鞋头不太一样，但不影响穿，总之价格实惠。,1
颜色款式都挺喜欢的，鞋号也正，平时皮鞋穿37，运动鞋穿38，鞋子很轻，鞋底稍微有点硬，就是不知道是不是正品，不管了，便宜好穿就行,1
鞋底很舒服，特意买的跑步穿，感谢客服提醒，本来就买了23的，她提醒我应该选大一码，上脚舒服，减震好，价格还实惠。太值了。,1
鞋子不错的，昨天特地跑过五公里才来评价，不夹脚，底也不硬，感觉有回弹。平时运动鞋穿38，这个也选了38，脚前头空出约1～2公分，合适。就是觉得亚瑟士的配色太花哨了，而且显得脚又长又大，哈哈哈！,1
穿着很舒服，主要是脚底感觉很软和，而且穿着感觉还显脚小呢！同事们都说好看！等有优惠合适的还会购入哦！,1
穿过几天了，这双鞋挺好的，上脚蛮好看的，包裹性不错，开始穿觉得硬，穿过一会才感觉到软，现在穿着很软。225内长的脚，选这个码刚刚好。,1
第一次买这个牌子的鞋子，鞋子收到以后，首先很喜欢这个颜色款式，穿上晨练跑步??很舒服??。一点也不磨脚,1
赶上聚划算，比平时便宜30，感觉很超值了，本来打算跑步穿，结果天天做实验???做实验一站站一天，脚不是很累。样式也很有型，非常喜欢！,1
确实包裹性好，比平常买大半码，正好。鞋子比图片漂亮，很轻，不错。,1
丑哭了哈哈哈哈哈哈，鞋子是真的适合瘦脚，34瘦脚表示没大到哪里去，鞋子轻便，底子感觉软硬适中，晚上跑步试试～,1
鞋子非常的棒，很舒服，跑步断断续续一年，终于为自己入手了这双鞋，等跑久了，再买双好的，我耐克的运动鞋穿38.5，这双买39得稍微松一点，给亲们一个参考，非常棒的鞋，必须要好评，特意附图片,1
买来晚上散步跑步的 透气轻便，平时36，这双37刚好 实物比图片好看 我的脚比较窄，两边有点空空的，但也不难受。脚背宽的朋友也可以穿。,1
上脚很满意，搞活动买的，价格也很满意，这是我人生中的第一双跑鞋，明天就穿上跑个10公里试试，平时穿37，这个大半码正好。,1
很软很软，跑步膝盖一点都不痛~超满意~等本宝宝有钱了再买更贵的~,1
跑步很舒服，就是一定要买大一号，好评好评好评好评好评好评好评好评好评好评好评好评好评好评好评好评好评好评好评好评好评好评好评好评好评好评好评好评好评好评好评好评好评好评好评好评好评好评好评好评好评好评好评,1
到了就迫不及待的穿上硪蝗Γ和好友一同I的，跑起矶几杏X不e，_底踩屎感十足，包裹性很好，xxu家。,1
穿着很舒服，很柔软，鞋子也很，防滑抗震，外观也很漂亮，36.5的脚拍的37码，就是稍微有一点大。总体感觉不错，穿了下感觉很轻盈。发货速度很快，客服态度也很好。,1
鞋子比较舒服，非常透气，拿来跑步穿的，很喜欢。码子基本比平时穿的鞋子偏小一码，要买大一码才行,1
买之前就做好了不好看的思想准备  但其实上脚还好 轻微的踩屎感 这个价位非常满意了 个人感觉比500左右的阿迪跑鞋体验感要好一点 鞋子真的很轻 无负担  入门鞋 随便买买不会出错,1
非常好！好看，好穿，跑步舒适，36.5的偏瘦脚，平时穿37，这次买的37.5，供参考。,1
竟然有点好看耶，穿上也很舒服，希望运动的时候有更好的表现～,1
平时穿36码，不管是运动，休闲，皮鞋都是36，这次买的37码，都说这款式修脚秀气所以偏小，刚试穿了下，刚好，脚尖长了一点点，不过今天降温，天冷，运动发热或者热天应该刚好。鞋子很轻，跑了几步，很舒服?,1
没有其他人评论的那么软，也无所谓的&ldquo;踩屎感&rdquo;。新鞋已经跑了不止10公里了，估计因为是新鞋每次跑后都还会起水泡&hellip;&hellip;原来跑步不用很大力，换成这双，要用大力点。不过倒也觉得鞋跟回弹力还不错～,1
这两三年已经在店里买了好几双鞋，和前面的购买的鞋子比，这款鞋子底子还是保持较软，包裹性强；不足的是面料比以前硬。值得表扬的是搞活动是没注意自己买多了一双鞋，客服很快就办了退款，谢谢！赞一个。,1
不错哦。码数跟我穿运动鞋的码数一样。跑了下，很舒服。以前也是买的亚瑟士，这次又来买啦,1
搞活动买的，好划算，也很好看，还以为会丑丑的，没想到上脚还不错，跑步用的,1
跑了好几次，脚感很不错，以前穿三七码的这次三十七码的尺寸只是刚刚好，所以换了双三十八码的也不会显脚大,1
鞋子码数是正的，偏窄，跑步还不错,1
第一次买亚瑟士的鞋子  也是看了朋友买穿的不错来的    专门买来跑步用的  真的很不错   特别贴脚不松垮   而且穿着很轻  跑步一点都不累    跑步的话真的是要买穿着舒适的鞋子才好   不然脚也会不舒服    特意穿了段时间过来评价   推荐朋友们买他们家的鞋子   不是托哦  有需要还会来的,1
鞋子很好穿，跑起步也很舒服，码数原本一直穿三十六，这次买的是三十七码刚刚好，会继续回购！,1
昨天到今天就穿喽，穿着跑步简直超级棒，跟实体店没有任何区别，虽然物流出了点问题，但客服还是超级好的，很满意的一次购物，好评好评,1
炒鸡好看还好穿忍不住要去操场跑十圈，不后悔很是喜欢呢,1
去年买了稍微贵一点的一双，这个样子也是去年就看上了，今年无意看到，还是觉得喜欢，就买了。 完全没有让我失望，很喜欢。 到货前同事让我退掉，我没听她的，因为到货后上脚试，很舒服。 穿了去健身房跑步，美美哒,1
特意穿了跑步，鞋子轻巧，包的挺好的，脚舒服的。没有鞋底很硬的感觉。可能我其他鞋也不软吧。总之性价比很好。,1
轻便舒适，鞋底不软也不硬，平时穿37码运动鞋，这款大半码刚合适，准备跑步了。,1
不错，超级满意，穿上很舒服，就是买了不到一个星期就降价了，很难受,1
穿上跑步特别舒服，膝盖和脚踝没有不适感，上脚效果比图片更好看，显得脚小且动感十足！特别推荐，一次愉快的购物之旅。,1
我想说，我非常满意，鞋子很漂亮也很舒服，重点是客服真的非常好，非常有耐心，鞋子买小了积极的给我换，非常棒,1
鞋子很快就收到了，特别好看，这个价格，能买到带牌子的运动鞋，真是件不容易的事情。第一次，在网上买这家的运动鞋，果然没有让人失望。就等着这双鞋，儿子春游就穿他了，?,1
瘦脚，多亏一时冲动买了平时的码数，不然肯定会超大，穿着舒服，前脚掌那里有落地感，样子细看也不算太丑，给好评啦好评！,1
超级好穿，没有失望，好看，下次有优惠还会再买的，活动的价格还是能够接受的，希望多搞些活动，很好好好，很好好好。很好好好。,1
非常适合老年人穿，很舒服。很快乐，很踩踩的乖乖隆地动山摇地动山摇地动作品评分别的是不是很多的钱了！分毫不差不多天天酷跑跑了很多很多地方志。都会HBV感染率领先者们了。,1
平时39，买39也算合适，有一点点紧，可以接受，跑了一次，跑步确实好。以后要经常去跑才行。,1
穿着很舒服嘞，跑步的时候脚底很软，不太累脚。就是刚打开时有一股味道，对，橡胶的味道。鞋子侧面的胶水痕迹很明显，一度产生了想退鞋的冲动。总之性价比蛮高，也蛮便宜的，先穿着吧。不错不错不错不错不错不错不错不错不错不错不错不错不错不错不错不错不错不错不错不错不错不错不错不错不错不错不错不错不。,1
看着还不错，符合期待，鞋子比较轻，我的脚不胖不瘦，买的就是平时运动鞋的码子，鞋底挺厚实的，鞋子上脚看着还是挺好看的，虽然也没多好看，设计师的审美我不懂，跑步不知道效果如何，等我去跑个几次再来追评，三月不减肥，四月徒伤悲啊！！！,1
码挺正的啊，穿着相对舒适，感觉有点压脚背，明天去跑步试试(?? . ??) 凑个字数世间最珍贵的不是&ldquo;得不到&rdquo;和&ldquo;已失去&rdquo;，而是现在能把握的幸福。  当许多人在一条路上徘徊不前时，他们不得不让开一条大路，让那珍惜时间的人赶到他们的前面去。  逆境是磨练人的最高学府。,1
一起买了两双，总体感觉不错，鞋子很轻，穿着舒服&hellip;&hellip;特意买大了一码有点大了但穿着运动更舒服了。颜色和图片一样无色差，包装也很好，鞋盒也很好便于日后存放&hellip;&hellip;总之很满意，穿后会来追评的，希望质量同样经得住考验！喜欢&hellip;&hellip;质量好会再来的！黑色的更喜欢&hellip;&hellip;。,1
鞋子很舒服，鞋底有弹性，稍有厚度，走路不累脚。穿着跑了一次步，很棒！亚瑟士最大的硬伤就是样子了。非常直男审美啊哈哈,1
第二双亚瑟士鞋子了，我也不懂为啥要选外观这么相似的，哈哈 不过黑色耐脏 新鞋子脚感更舒适一点，毕竟原价也贵一点。两双都是入门级的，平时随便跑跑也够啦,1
肥肠好穿，第一次穿但很满意。今天走了几公里的路，健步如飞啊，x不过感觉大了一丢丢，我平时皮鞋37这个38原以为正好呢，但脚趾头那有空挡，脚瘦。 还有感觉运动鞋超级弹性，一点都不伤害脚？仅供参考。下次搞活动再来一双。。,1
发货和快递都很给力 ，款式漂亮，尺码合适，质地轻便，穿上试了试觉得很舒服，就是昨天优惠券被领光了没领到，不然就买两双了。好评,1
第一次买asics的鞋，听说要买大一码，平时穿35，跑鞋36，这双买的37，合适。平时一直关注他家的店铺，趁着做活动买的，还没怎么穿过，不过这个价格这个牌子，性价比应该可以吧。  总的来说，质量不错，与卖家描述的完全一致，非常满意，真的很喜欢，完全符合期望值，发货速度非常快，基本买货当天就发货了，包装非常仔细、物流公司服务态度好，运送速度快，很满意的一次购物。  全五星好评。,1
已经穿了几天，包裹性超好，跑步、走路都很舒服，透气性不错，鞋子也挺好看的，喜欢喜欢喜欢!脚36码鞋买的37码刚刚好，想买的可以决定买啦，不会失望的!,1
年前我就买了一双穿起来真的很舒服的他的弹跳力很好，而且妹妹快要中考了，要考跳远跑步走还是装些都挺适合的，虽然现在穿有点儿冷，不过我相信过两天东北的教具还可以穿了，咱们要等到四月份吧！去上学穿原来挺显瘦的脚后面的弹跳力也挺好的，非常信任家的鞋子，希望多多搞一些打折活动，这样就可以多买了。 就是选择了，圆通快递不好，我们这边的圆通快递也不送货上门都让我们去小区门口取，那么大的一个小的真的是太气人了。,1
鞋子比想象中的好看一点，我的脚偏瘦穿起来正合适，鞋底有点硬，跑起来有弹性，鞋很轻，总体还不错。,1
脚底确很舒服，踩下去很柔软。跟之前买的其他牌子运动鞋还是有很大差别了，已经被圈粉啦，第一次就穿去爬山了哈。,1
穿了一周，没有出现任何情况，鞋底也没有磨损，建议买鞋前一定要量一下脚的长度，根据脚的长度对照详情表选择，之前穿38，39的鞋，这个鞋子穿39.5（鞋前后有一定的空间，穿上较宽松），鞋子侧面看鞋底很高，但是穿上就没有那么明显（瞬间长高2-3cm）,1
这个鞋子确实蛮舒服的，这个底有缓冲效果，跑起步来挺舒服的，虽然不是很好看，但是平时也就穿起来运动一下，总体老说性价比挺好的，值得入手,1
穿了几天了才来评价，第一次买这个牌子鞋子，穿起来很舒服轻便，码数也挺正。这个价格也是超值的，有活动还会再买。墙裂推荐,1
看上去颜值一般，但是穿上之后感觉比较好看。 减震性可以给8分，包裹性8分，刚穿去跑了5公里，感觉特别棒！！！！最主要的还是本仙女要瘦下来！！专业跑鞋就是不一样,1
这双鞋非常舒服，一眼就相中这个颜色和款式的，非常轻便。我是36码的，穿上正合适。,1
一如既往地喜欢。舒适的脚感，有效的缓冲力，非常适合跑步来穿。是一款很棒的入门级跑鞋。买了两双，推荐同学也买了一双。打算这学期夜跑的时候穿。发货速度很快，物流很快。性价比高。而且鞋子的工艺非常好。喜欢。,1
鞋穿着舒服么？太舒服了！太太舒服了！太太太舒服了！外观怎么样？小粉啊！我的小粉会不好看嘛？哈哈哈哈哈哈，挺不错的鞋，搞活动买比较合适，有机会会在给我对象买一双，这边的很好，买家秀送给大家，欢迎购买，欢迎入手，推荐大家，推荐推荐推荐推荐！,1
挺好的 鞋子穿着挺轻便的 网面比较透气 码还准 平常37码这个选了37.5 都是235码,1
鞋子很不错 跑步舒服也不输颜值 整体满意 对了实物比图片好看很多 客服推荐的码数很准 买比平时大半码就好。很好的跑步鞋值得入手,1
首先，很轻！包裹性很好，穿了一冬天的布鞋突然换上它，感觉增高了好多，目前走的这几步路还是蛮舒服的，之后跑步试试，到时候再追评吧。,1
刚收到，就穿上了，特别舒服，而且款型也非常好看，我老公也说特别好看。正常码数，非常值这个价。以后就买这个牌子了,1
鞋子真的很轻，抱着鞋盒我都担心里面没有东西。样式很显瘦，很咬脚但不紧，很轻便。不过，缓震效果没有我原来GEL系列的好。,1
鞋子真的很棒 比预料的还要好 实物比图片好看 穿着也很舒服 平时穿35 36 买的36刚刚好 喜欢,1
鞋挺舒服的，穿着去跑步了，弹性不错，款式也还行，比我原来的鞋跑步的时候舒服，值得购买吧,1
鞋子很棒，超出预期~看着一般但穿着很好看啦，也很舒服，适合跑步~总之很满意,1
挺好的 轻薄贴脚 穿上脚感舒服 颜值出乎意料的高 觉得鞋底的齿再深些就完美了,1
都说这个运动鞋很舒服，所以这一次也买了一双，试了一下。先非常好。看其次呢，穿上以后非常软，也是了一下，跑步就感觉跟踩在棉花上一样，非常舒服。感觉减震效果挺好的，而且很好看会推荐给朋友们的，以后呢要跑步的话还会来买的，很喜欢。,1
尺码合适，对于我来说稍微有点紧，不过运动鞋紧点也好，款式漂亮，期待它能带着我瘦成小仙女,1
第2双感觉爱上了这个品牌。上脚很轻，跑步很舒服有回弹，保护脚踝。多跑步多锻炼，让身体轻盈起来，哈哈哈哈哈哈哈哈哈哈哈哈哈哈哈哈哈哈~,1
很满意，穿上很舒服，价格也很便宜。鞋子的样子并不是我的菜，但比较在乎使用体验。性价比很高。,1
很舒服，跑步挺好的，如果配色改成黑白灰基本色可能会更好看一些吧，强烈建议不要这么花花绿绿。,1
不愧第一跑鞋品牌，还买了双nike跑鞋的实在因为好看，但这双上脚后也非常好看！最重要是跑步体验很好，跑了一次觉得非常舒服。感觉比nike那双原价八百多的更贴合脚底。这个价位已经做到这样，以后可以买这个牌子更贵性能更好的跑鞋。,1
东西很好，物流也飞快，用来跑步等跑完再追评。 要买的小仙女要注意尺码，偏小一码! 刚买来有点味道.,1
给外婆买的，外婆很喜欢。平时穿38码穿上好看正合适，好评好评好评。,1
刚到家就迫不及待的试了下，外观跟图片一致，给妈妈穿非常适合，已经在这家店里买过好几双了，一致好评！,1
很舒服啊?也特别的透气，每天5公里没问题，就是一买就降价了，但客服人员特别好也给我退款了，这个价位性价比很高了，不错，下次需要还会买这个牌子的&hellip;&hellip;,1
穿在脚上做运动很舒服，鞋底应该很是耐磨，穿上整体的效果也比想象中好看，大小正合适,1
底很软啊，这个价格真的很不错的。实体店绝对买不到。很好很好。嘿嘿嘿环和好糊和哈好糊和还会好哈哈哈哈哈哈哈哈哈哈哈哈哈哈买吧入门跑步给满分,1
跑鞋一致认定者，已经跑了三四天了，穿着很舒服，跑步不累。缓冲效果好，防震，而且这个鞋还很酷，越看越顺眼～超赞的！感谢店家，祝越来越好～,1
鞋出乎意料的好看 ，穿着很舒服 ，明显的缓冲能力，鞋底不硬，是有弹性的那种 ，建议拍大半码，我平时穿37.5   ，这双拍的38，刚刚好 ，大小也合适 ，穿着跑步非常舒服 ！好评！,1
这是你家第n双鞋子啦，大小合适，质量保证，穿着舒适，发货快，服务好非常满意。,1
拿到就穿上跑步了，真的特别舒服，很轻！款式也好看,1
鞋型偏窄，买大一码刚合适就是长了点还好不碍事，适合瘦脚的人.穿上轻便舒适无异味，就是有点厚夏天穿了够呛,1
收货立马穿上，大小合适，轻便，质量也没话说，以后还会继续光顾！,1
【已经穿了几天，包裹性超好，跑步、走路都很舒服，透气性不错，鞋子也挺好看的，喜欢喜欢喜欢!脚36码鞋买的37码刚刚好，想买的可以决定买啦，不会失望的!,1
鞋子很轻 样子也不差。  入门跑鞋 以后再买高端点的。 这个性价比真的很高,1
第一次买亚瑟士跑鞋，发货很快，圆通不太快。收到以后上脚试穿了，有气垫，感觉舒适。跑步以后再追评。,1
还不错，试了一下，穿上去还很舒服。很值！等过几天不下雨了，穿去跑步在追评。,1
鞋子很舒服，穿了两天再来评价，这两次都是户外活动去穿的，不错，价格又便宜，又舒服，颜色好看，下次继续光顾,1
买来跑步用的，港真，亚瑟士的鞋真的是直男审美，但是耐不住好穿啊，跑步巨舒服，还会再来。,1
终于收到我心心念念的宝贝了，东西很好，价美物廉，谢谢掌柜的！说实在，这是我淘宝购物来让我最满意的一次购物。无论是掌柜的态度还是对物品，我都非常满意的。掌柜态度很专业热情，有问必答，回复也很快，我问了不少问题，他都不觉得烦，都会认真回答我，这点我向掌柜表示由衷的敬意，这样的好掌柜可不多。再说宝贝，正是我需要的，收到的时候包装完整，打开后让我惊喜的是，宝贝比我想象中的还要好！而且是搞活动买的，真真正正的物美价廉。。穿着跑步做运动非常舒服，减震效果很好，，不得不得竖起大拇指。下次需要的时候我还会再来的，以后跑鞋就在您家买了，其实我也是被朋友推荐来买的,1
穿着很舒服，还没有去跑步，不知道跑起来怎么样，期待ing,1
今天穿着走了一天了，不累脚，舒服好走，至于颜值嘛，凑合看吧。车里太暗。,1
穿起来比图片上好看多了。。这双鞋买来专门跳绳的，鞋垫的缓冲做得比较好，可以减少膝盖损伤，另外对脚踝的保护也很好，比较惊喜。,1
聚划算搞活动时买的，物流很快包装完整，鞋子质量不错，没溢胶现象，重量很轻属于包裹型的，比正常码买大一码，上脚舒适。,1
特别好，很轻，包装也好，跑步很舒服，以后跑鞋都在这家买,1
舒服！还没跑，试穿了一下，感觉舒适度超过我现在哪双耐克！以后就你了！多做活动哦～,1
特别好，实物比图片好看，客服说的码很准，站8个小时都不是问题，赞赞赞赞赞赞赞赞赞赞赞赞 买了就知道了有多好多值,1
感觉还是不错哒，刚刚收到货，试穿了一下，还没开始跑步，后续还会追评哒,1
37半的脚这双鞋子38的穿上正合适，鞋底偏硬毕竟价格很美丽，偶尔去健身房锻炼一下这个鞋子也足够了,1
挺好的，穿着舒服。给儿子买了好几双了了，自己也试试。发货速度还是蛮快的，也没有破漏。还没有用过，所以效果怎么样还不知道呢，但是打开闻了一下，味道很好，还送了小样，试试先。虽然还没使用过，还是给个好评，等用过了再来追加。,1
鞋子偏小平时穿37码看了别人的评价买37.5码穿上合适舒服，鞋子轻轻的脚脚没负担第一次买这个牌子鞋没有失望下次还会来,1
穿上超舒服，每天穿上去健身房哈哈哈，感觉穿上去走路脚底板都是软的，好舒服的！！鞋子和图片一样没有色差！,1
做得真好，和真的一样，老板是下了很大功夫的，质量很好，这个价钱也值了，唯一的漏洞是我买了三双不同的鞋子，竟然都是同一天生产日期，这个问题老板疏忽了，以后再可以仔细点，实事求是讲，鞋子真不错,1
鞋子不错，赶上活动购买价格划算，自从买了亚瑟士的运动鞋，某克都已经成了过去式啦！运动来说，还是亚瑟士的鞋子更舒服些。希望以后多些优惠活动哈，还会继续关注哒！有需要还会再来哒！,1
鞋子很轻便，鞋型偏瘦，我脚宽所以选大了半码刚刚好，当然还是有点点紧，估计穿穿就好了。实物看起来跟图片一样。目前觉着还不错。,1
非常好看的鞋子~舒适度超过预期。鞋底回弹，鞋型跟脚，穿上跑了两公里，还不错。实物比图片好看，喜欢！忘了拍照了，下次补上嘿嘿。,1
买了个便宜的跑鞋，本来报的期望值并不高，觉得能凑合就OK了，没想到！很好穿啊！果然专业做跑鞋的，漏一点也比很多运动牌子的鞋好穿，以后需要应该还是买他家的了,1
超级好，平常穿37码鞋子，这个38略微有一点大，但大一点运动舒服，穿着去健身房，挺好的。,1
穿着挺舒服，就是看起来不是很好看，不过穿着运动还是很不错的，走路什么的也很舒服，脚背高的人穿可能有点挤脚,1
听朋友建议买这个牌子，拿到已经穿过了，鞋子应该是正版，穿着特别舒适，很喜欢！ 不错,1
发货和物流都很快，比正常鞋码买大了一码，穿上刚合适。之前买过一双同品牌的跑鞋，质量似乎不是太好，希望这一款能穿久一点,1
挺好的，第一次买跑鞋，已经开始跑步了，刚开始穿上觉得上面有点顶，我的脚还是比较瘦的，跑起来就没感觉了，得劲儿~,1
穿着去跑步，还是蛮舒服的~我平时穿单鞋是37码，运动鞋38码，卖家推荐我买39码，穿着大了一指。总体很好~,1
鞋子很好看，很轻，本人脚为35.5码，其他运动鞋35码也能穿，这双鞋是真的很紧的感觉。还有就是鞋底硬，没有其他运动鞋鞋底软。,1
一直都很喜欢亚瑟士，这次买的质量很好，而且还便宜    物美价廉呦，很喜欢  物流速度也很快非常完美,1
好评，鞋子很漂亮，客服非常耐心，鞋子漂亮，比照片上漂亮，相信这个牌子的跑鞋，跑起来嗖嗖的,1
鞋底不错，鞋面想吐槽一下，装饰的皮面太软，穿上后感觉皱皱的。跑了几天，感觉还好，挺轻便。,1
不知道为什么那么多好评，反正，我是没有体验到缓震效果，尤其是前脚掌，跑个40分钟，觉得前面都快没知觉了，穿斯凯奇的跑鞋就没有这种感觉，而且我的跑步姿势是正确的，我怕自己姿势不对，还特地请教练看了，可能我不适合这家的鞋，以后还是买斯凯奇或者耐克吧，不过这双鞋后脚掌很舒服，也很透气，习惯好评,1
东西不错，穿着舒服又漂亮。就是价格变来变去，一下239一下279。你好歹也算品牌货，就没有个正经点。,1
加了滤镜，but在我眼中它就有这么好看(＠￣`￣＠) 穿过耐克贵人鸟玩觅的跑鞋，都是37.5，于是这个也买的37.5。 瘦脚表示穿着宽松，还能塞进一根手指，在想37码应该刚刚好，不过运动鞋大点儿也没事儿(&acute;-&omega;-`),1
挺舒服  只是可能是搞活动  鞋子是优先卖的有部分缺陷的  鞋子头部外观有些不对称  不影响穿着,1
一边脚穿着可以，另一边脚应该是鞋子外面车的那些条纹硌脚。穿穿勉强好些。不过专门的跑步鞋还是很舒服的,1
第二双亚瑟士的鞋了，之前那双跑鞋寿命挺短的，跑步200公里就废了，但是已经熟悉了亚瑟士的脚感也不想换别的跑鞋了，希望这双寿命可以长一些,1
商家是讲信誉满全球，我拍的是黑红色女款38码，他们发的是白色男款40、5码，退回的运说好还我，后来问了也不退还，鞋子又重又硬，不好穿。太差了！差评！,1
太舒服了吧，踩shi感不是瞎传的，穿了不想脱下来，觉得自己其他的鞋穿着不舒服了┗┃?? ■ ??┃┛,1
拿到包裹的时候就很惊讶，太轻了，还以为不是鞋子&hellip;打开里面还有一个盒子&hellip;可见这鞋真的很轻 平常穿38，不瘦不胖的脚，偶尔遇到个别要穿39，这双39没货了要了38也挺好的，今天还穿了一双厚一点的袜子试的也不挤脚～以后就认定这个牌子了，第一次买拿来跑步用跑鞋没踩雷，很开心哈哈哈～款式看久了也就顺眼了，发货物流好评～很满意,1
都买了四双亚瑟士的鞋子了，只有穿这个牌子脚后跟才不疼，包裹性太好了。这双鞋子小脚趾的位置是革的，应该不会破，前几双都是因为这个位置是网面的穿了一年就破了，这是唯一的缺点。,1
穿着很舒服啊，底子软软的，裹的比较紧，还没有穿去跑步，但是感觉比nike air windtrial8要软，舒适性比较好。,1
穿了好几天了，感觉不错。一是包裹性真的不错，二是鞋底弹性好。唯独右脚的舌头有点儿歪，但是不影响穿着感，就是自己心里别扭。,1
哇比想象的漂亮很多！脚大概是36.5码，但是大部分鞋子都是37码，这双买的37.5刚刚好。平时很少穿运动鞋，只有跑步时候才穿，正常运动量是试了试高抬腿真的很舒服！我正常的运动量是一天5km，晚上去跑步试一试~,1
可以说很满意了，看着一般，可上脚显瘦好看。等跑几圈试试感觉再来追评。对了尺码也合适。,1
很实在的一双鞋。大小正好，鞋底不算软，但比一般鞋舒服很多。有点味道和胶水外漏的瑕疵，但这个价格很便宜了。,1
脚肥的确实应该买大一号的，没有想象的那么丑，还挺好看的，室友也说好看，但是看图片的时候觉得很一般，质量还可以的，黑色也耐脏,1
穿着跑了一趟，感觉还可以，不磨脚 也比较软和，两百多性价比很高了。虽然亚瑟士看着比较土。。但是穿上还不错～不丑,1
鞋子就是跟别的运动鞋感觉没太大区别啊，都说这个好这个好，可能自己买的不够贵吧，反正感觉很自己买的这个价位别的运动鞋没区别,1
鞋子还可以，和想象中一样，还没有去跑步，不知道有没有减震效果，包裹性挺强，尺码挺标准的，不过如果是脚比较胖的朋友建议大一码。不知道耐不耐穿，现在看着还是可以的，可以考虑入手，,1
实物比图片好看啊！上脚好看的。显得脚很瘦，不过的确这个鞋子也很瘦。我属于瘦脚，但脚板还是不算窄的。穿平常码36感觉刚刚好，有点小紧。建议脚宽且搜多的人买大一码。不过，这个价格倒是3月78是一样的。 物流挺快。,1
鞋子还可以，和想象中一样，还没有去跑步，不知道有没有减震效果，包裹性挺强，尺码挺标准的，不过如果是脚比较胖的朋友建议大一码。不知道耐不耐穿，现在看着还是可以的，可以考虑入手，   服务不错,1
打算春天跑步穿，还没穿，后面会追评。  看了很多评论都说尺码偏小，我平时其他牌子运动鞋都是37码，这款买了37.5码，略大，37码会更合适。懒得换了，鞋子穿起来比较紧，所以稍微大一点应该也没关系。 发货速度块，包装也不错,1
质量好无色差不用太关注这条评论因为我都是复制的太多没评论了所以只能复制粘贴了以下的话依然是凑数的大概已经有五十个字了写到八十的时候我就会停了当然这条评论也表达我的认可否则一定会单独写的。,1
看评论说都要买大一码 于是平常38的脚这次拍的39的，感觉大了 能插进去一根手指，估计买正常码 或者大半码就可以了,1
差评差评，我拍下第二天就显示做活动要降价了，但是客服态度恶劣，拒绝退差价。天猫网购这么多年，别家都能退差价，第一次遇到这样的奇葩店铺,1
去年买过一双跑步穿，每周跑量五六十公里左右。穿着舒服。今年比去年便宜100块钱，就又买了一双备着。又向跑友推荐了。大牌子就是好,1
物流快，鞋子漂亮，但是价位在那，比起我之前买的这个牌子的1000左右的鞋感觉是差点，脚底的弹性与减震一般般。,1
279买了两双，不到一个月降了40块钱，找商家只给退款一双。 就这么对待老顾客么？ 客观说，鞋子本身没问题，旗舰店也不会卖假货。但是这种价格经常浮动是不是有点坑人？,1
质量非常好，与卖家描述的没差哦，算是很喜欢，也超出了期望值啦～发货速度非常快，包装能看得出用心细致，物流公司服务态度很好，运送速度很快，很满意的一次购物,1
终于收到我需要的宝贝了，东西很好，价美物廉，谢谢掌柜的！说实在，这是我淘宝购物来让我最满意的一次购物。无论是掌柜的态度还是对物品，我都非常满意的。掌柜态度很专业热情。再说宝贝，正是我需要的，收到的时候包装完整，打开后让我惊喜的是，宝贝比我想象中的还要好！不得不得竖起大拇指。下次需要的时候我还会再来的。不好意思收货晚了点，第一次购买，发货很快东西收到之后马上查看了，和预想的一样，同事已经问了链接。很有耐心的卖家，以后有需要还会回购的。,1
鞋子穿着很舒适，鞋头有点瑕疵，不妨碍穿，不换了；鞋子穿着很舒适，鞋头有点瑕疵，不妨碍穿，不换了,1
买了两双挺好的，价格也合适。买了两双挺好的，价格也合适。买了两双挺好的，价格也合适。买了两双挺好的，价格也合适。,1
还可以！哈哈哈哈哈哈哈哈哈哈哈哈哈哈哈哈哈哈哈哈哈哈哈哈哈哈哈哈哈哈哈哈哈哈哈哈哈哈哈哈哈哈哈哈哈哈哈哈哈哈哈哈哈哈哈哈哈哈哈哈哈哈哈哈哈哈哈哈哈哈哈哈哈哈哈哈哈哈哈哈哈哈哈哈哈哈哈哈哈哈哈哈哈哈哈哈哈哈哈哈哈哈,1
鞋子穿着非常舒服，客服也非常的好。鞋子穿着非常舒服，客服也非常的好。鞋子穿着非常舒服，客服也非常的好。鞋子穿着非常舒服，客服也非常的好。鞋子穿着非常舒服，客服也非常的好。鞋子穿着非常舒服，客服也非常的好。,1
正好合适 还没有穿去跑步 心里很喜欢哈哈哈好啊啊啊啊啊啊啊啊啊啊啊啊啊啊啊啊啊啊啊啊啊啊啊啊啊啊啊啊啊啊啊啊啊啊啊啊啊啊啊啊啊啊啊啊啊啊啊啊啊啊啊啊啊啊啊啊啊啊啊啊啊啊啊啊啊啊啊啊啊啊啊啊啊啊啊啊啊啊啊啊啊啊啊啊啊啊啊啊啊啊啊啊啊啊啊啊啊啊啊啊,1
超好！平时穿35.5 穿这个36差不多，穿了跳绳，感觉很舒服，价格也很实惠，而且穿上脚还蛮好看的，喜欢！终于收到我需要的宝贝了，东西很好，价美物廉！说实在，这是我淘宝购物来让我最满意的一次购物！超好！喜欢！鞋子挺好的！超好！平时穿35.5 穿这个36差不多，穿了跳绳，感觉很舒服，价格也很实惠，而且穿上脚还蛮好看的，喜欢！终于收到我需要的宝贝了，东西很好，价美物廉！说实在，这是我淘宝购物来让我最满意的一次购物！超好！喜欢！鞋子挺好的！ 超好！平时穿35.5 穿这个36差不多，穿了跳绳，感觉很舒服，价格也很实惠，而且穿上脚还蛮好看的，喜欢！终于收到我需要的宝贝了，东西很好，价美物廉！说实在，这是我淘宝购物来让我最满意的一次购物！超好！,1
跑步，hiit 都不错。跑步，hiit 都不错。跑步，hiit 都不错。跑步，hiit 都不错。跑步，hiit 都不错。跑步，hiit 都不错。跑步，hiit 都不错。跑步，hiit 都不错。跑步，hiit 都不错。跑步，hiit 都不错。跑步，hiit 都不错。跑步，hiit 都不错。,1
质量很好很轻便，推荐！质量很好很轻便，推荐！质量很好很轻便，推荐！质量很好很轻便，推荐！质量很好很轻便，推荐！质量很好很轻便，推荐！质量很好很轻便，推荐！质量很好很轻便，推荐！质量很好很轻便，推荐！,1
怎么说呢，没有想象中的那么惊艳，鞋底太硬，有水根本不敢跑，那么硬的底，怎么缓冲啊啊啊 怎么说呢，没有想象中的那么惊艳，鞋底太硬，有水根本不敢跑，那么硬的底，怎么缓冲啊啊啊 怎么说呢，没有想象中的那么惊艳，鞋底太硬，有水根本不敢跑，那么硬的底，怎么缓冲啊啊啊,1
聚划算活动然后参加满减活动凑单一双袜子一双鞋子不到200，初级缓冲的买来走路穿穿，等后期再做活动的时候入手一双顶级跑鞋买来跑步，亚瑟士的确专业，比原来买过的新百伦，索康尼耐克都舒服，跑步首选，下次再来，谢谢谢谢谢谢谢谢谢谢谢谢谢谢谢谢谢谢谢谢谢谢谢谢谢谢谢谢谢谢谢谢谢谢谢谢谢谢谢谢谢谢谢谢谢谢谢谢谢谢谢谢谢谢谢谢谢谢谢谢谢谢谢谢谢谢谢谢谢谢谢谢谢谢谢谢谢谢谢谢谢谢谢谢谢谢谢谢谢谢谢谢谢谢谢谢谢谢谢谢谢谢谢谢谢谢谢谢谢谢谢谢谢谢谢谢谢谢谢谢谢谢谢谢谢谢谢谢谢谢谢谢谢谢谢谢~,1
尺码偏小，脚背有点压，但是正常尺码也能穿进，不知道运动时会怎样。以前在天猫淘宝买东西，都是系统自动好评。后来才知道淘宝评论得积分可以涨淘气值时，才知道评论的重要性。所以以后无论买什么东西，我都把这段话复制粘贴下来，然后再写宝贝评论。没错评论八十个字以上就可以获得50积分。,1
颜值九十分，脚感七十分，性价比七十分。回购率小于百分之六十。 接下来开始凑字数。哈比集体卷铺盖六级就会急急急URL集体来PK体力ask体积四级题老婆主机外婆会儿对啊破吉他曲黎敏说句哈pls新坡糊涂JS一MP5滚撒觳觫热乎stop就7k7k活泼了经济,1
鞋子收到了，第一次买亚瑟士的跑鞋，鞋子很轻，很好看，期待开学跑步的效果啦，已经跃跃欲试了，价格也还好，总得来说挺合算的。细节处还需要再加强一些，鞋边有些胶粘合的不是很美观。,1
买回来当天就跑了11公里，不伤脚非常舒适！唯一的小缺点就是跑步时间久了右脚鞋垫有点移位。这是我买这个牌子以来最合心，最满意的一次了！应该是正品！给店家点个赞吧！,1
鞋子好漂亮啊，女儿特别喜欢，亚瑟士果然与众不同，女儿说这款式花色肯定不会和同学们撞鞋了，提醒其他买家：购买时要比国产运动鞋选大一码才行,1
东西相当不错，我太喜欢了。拿回来就试跑了，轻快缓冲也好，第一次试跑就半程，新鞋脚一点都没有卡伤。为它点赞，太超值了！,1
收到一段时间了 买来周末跑步穿的  跑个3公里 挺好穿的 配色有点骚哈哈,1
是正品，以前在迪卡侬实体店买过亚瑟士的一款，当时就对别的牌子再也提不起兴趣，穿过所有品牌舒适度最好的，这款穿上去的感觉一样，包裹性很好。特别特别舒服。,1
买的第二双亚瑟士跑鞋，之前那双已经有两年了，除了鞋底有些磨损，都还好好的，我可是一直有坚持跑步的哦，证明了这跑鞋质量是真不错哈。平时36，这款要选大一个码，37很合适。宝贝颜色亮丽，质量一如既往的好，今天五公里跑妥妥的，喜欢！PS：发货快，物流快，包装严密。,1
穿着超级舒服，强度不高的轻松跑非常适合，平时穿38码的，这双买了39码的，包裹性很好，买了同款双色，都收下了。,1
鞋子很棒，看着挺大的，穿上确刚好，平时穿35码，这双没有，看别人的评价很多都买大一码，就买了36码的，非常好穿，也很好看！,1
鞋子收到了，虽然比618买的贵，但是确实是很好！鞋底很软，颜色很骚气，穿上出去跳操大家都说好看呢！等着你们搞活动买呢！,1
鞋子很漂亮 穿着很轻便 大概是脚长胖了 穿比平时大半码的鞋子合适 去健身房穿很舒服~凑字数时间~搜狗几天第一次看零比零长途死提第一节哦v哦好想吐小垃圾提好成绩辛苦逼迫感觉，好看刘继红空虚欧巴句3提成哟v偶吃偶遇,1
帮妈妈朋友买的，第一次选的有点大了，又换小了，很遗憾没赶上她旅游穿。听妈妈说她那双旅游穿了五天，脚没觉的累！,1
鞋子很好，非常轻。拍大了，不过包裹性很好，不影响。减震效果好，跑起来很舒服。颜色骚气的不要不要的，朋友说很好看。服务一流，客服star很nice！发货快，包装好！,1
第一次穿亚瑟士的鞋子，超级棒啊！鞋子很轻便，适合夏天穿，早上穿着跑了个十公里，每分钟配速提高了二十秒！不愧为专业跑步鞋。哈哈！大爱啊！价格比耐克阿迪还便宜不少，以后就穿这个牌子的啦，把耐克阿迪的跑鞋甩在一边不穿了！,1
平常穿34单鞋，运动鞋35，这双36稍微前面有点空，到不至于掉。跑步还没用，走路还蛮舒服的，雨天有些滑，很容易打湿。后悔雨天穿它出门了。,1
双11价格很优惠，这款鞋底稍硬点，没买到我最喜欢的颜色，相对价钱还是值了。,1
代朋友买的，先没问客服直接买39的，不能穿，退了，也没扣运费。再下单时，客服详细问了上次的鞋是长度不够还是宽带不够，根据我的回答。客服按脚型及磨损度，推荐了几款适合我盆友穿的。朋友说这是定的穿起来特别舒服。谢谢客服的专业。非常愉快的一次购物。,1
哇塞 很惊喜啊 脚感相当好 尺码选择了客服推荐的 空松一指就是合适的 之前还以为是不是大了 哈哈哈  只可意会不可言传 自己穿到脚上才知道什么叫好穿  这款价格还这么便宜 性价比真的太高 值得购买,1
走路明显感觉到了缓冲，一弹一弹的支撑感。只是我有点足外翻，穿耐克的这种款式鞋也是，脚踝靠外的地方被鞋帮子磨得有点疼。除此之外，尺码也准，很适合，满意。,1
真的好美，本来想买玫粉色那款星空的颜色，只是那个贵些，就买了黑色，回来很惊艳，按正常码买就可以，刚开始买大一码，结果大好多，又换回来了。差价也给补了，卖家服务很好，第三双了,1
平时38的，Nike穿38.5，这次看评论直接买了39，然而觉得大了。重点是，第一次买这品牌，先是忽视了外观，就为了【专业跑鞋】，但是并没有觉得比我以往的跑鞋好穿&hellip;&hellip;懒得退了&hellip;,1
超级喜欢，我是标准的37码，店家推荐38，穿上脚正好大一指，真舒服，原来运动鞋也超级舒服但是这个专用鞋更舒服，超赞的颜色。,1
哈刚打开，总觉得被人穿过一样。。。还没开跑，第一双入门跑鞋，可以接受。很上镜这鞋。,1
很早就想买这个牌子的跑鞋，双11终于实现了愿望，早上穿这双鞋跑了9公里，感觉还行，鞋底硬点，但支撑很好，不震脚，拍大半个码，但包裹性很好，不觉得松，物流也算快，毕竟是双十一，理解，总之，满意。如果有秋冬款还想入手一双。,1
头一次买这个牌子的鞋，没想到还蛮舒服的，颜色也很鲜艳，听说鞋子偏小特意买大了一码感觉有点买大了，不过不影响，下次买大半号试试。,1
妈咪特别喜欢，样式＼大小都很合适。非常满意的一次购物。下次还会光顾。建议购买比皮鞋大一码。比运动鞋大半码。,1
开始试穿感觉有点紧，专门买大一码来的。脚背鞋带松了松就可以了。穿着还可以，不磨脚。,1
我滴龟龟 这鞋真是太满意了 样子比图片好看 穿起来也舒服 感觉是今年买的比较值的物品之一了 第一次穿亚瑟士 很满意 快乐 嘻嘻嘻嘻嘻嘻,1
非常舒服！还好买大了一码，建议大家还是看看尺码对照表，平时穿的36的是230，这款37的才是230，穿起来正合适！很轻！安利给大家好嘛～希望后天的跑步活动跑出好成绩哈哈哈。,1
很信赖这个牌子的跑鞋，穿着运动真的很舒服，这双买回来试着走了一下，有回弹的感觉～,1
鞋挺轻巧的，底子属于偏硬的但是弹性比较好的那种.很喜欢这种底不喜欢某百伦踩屎的脚杆，上脚效果也好，就是感觉不是特别透气，稳定性挺好的，一般跑步或者跳绳就穿这个鞋,1
物理挺快   平常38买的38正好   真的舒服的  虽然没有踩屎的感觉  但感觉很棒 要不是因为脚受伤明早就能出去跑步了,1
自己是35的脚 有点厚脚背加宽脚 本来选了36怕太小买了37试穿下次来其实还有点偏大 算了 鞋带绑紧也是可以穿的 个人跑步下来 走路得话比较轻松 跑起来也还不错 但是比我自己耐克的全掌气垫还是稍逊一筹的 总体还不错 满喜欢这个款式 以后买36的试试,1
之前没穿过运动鞋，朋友介绍的牌子，推荐买一千多的，但因为没穿过，所以选了款优惠的，让我有些意外的是，鞋子特别舒适，很轻，主要是穿起来特别有安全感，我脚瘦长，平时高跟鞋、休闲鞋穿8码，客服介绍9码，很合适，给客服点赞。关于这款运动鞋，我个人感觉是很不错的，喜欢的朋友可以考虑哦。,1
一如既往的好，包裹性好，防滑效果优良，这次买来是给家里老人穿着散步用的，老人评价也很高。,1
平时穿37的鞋，这款买了37.5，运动鞋这个码数正合适，先说版型，着实不好看，穿起来像个大板鸭，显得前脚特别宽，只是跑步用，这点可以忽略。再说舒适感，初拿到手，鞋底非常硬，因为价格便宜，决定留下，跑了一周，每天4公里，越跑越顺脚，像其他买家说的，对脚背脚后跟的包裹性比较好，如果是平时走路健身，鞋底的舒适度远不如斯凯奇的好穿。,1
舒适度挺好，实物比图片好看，颜色酷，较耐看，平常码37，耐克有时穿36.5 ，本人脚宽脚背高，鞋头窄或是皮鞋会穿38，这双买38比较舒适，宽度刚好不挤脚，鞋身是有点长了但并不影响什么，建议脚很宽或是脚背高肉脚的又要求舒适度的选择大一码，选择大半码就是刚刚好，脚瘦长的可以选择正常码，第一次码这么多字！！,1
平时本人穿39的，这次买的是39.5码。穿上试了试，走了几步，脚感还可以，没有像其他买家说的有十足的&ldquo;踩gou  屎&rdquo;感觉，整体还可以，是一层透气的布，适合夏天穿的，不适合秋冬穿。本来想冬天跑步的，但是买错了，只能等着夏天穿了,1
鞋子很好质量非常好，与卖家描述的完全一致，非常满意，真的很喜欢，完全超出期望值，发货非常快，包装非常仔细、严实，态度很好，运送速度很快，很满意,1
选了很久，选了这双，可以说&ldquo;物美价廉&rdquo;！首先说外观，看图片的话会觉得很&ldquo;妖艳&rdquo;，但讲真上脚效果很好，很喜欢。其次就是防滑减震，跑步很轻松，穿着很舒适。点个赞！,1
先五星好评吧，感觉是歪货&hellip; 因为上面写的伟文电商！鞋子是2017年2月的！有点变形！不过还行、试了一下还比较轻便！不过丑的接受,1
按照客服的推荐买大了一码，嗯，颜色超级喜欢，很适合夏天，物流也挺快的，穿上特别舒服，特别轻，但是还没有跑等跑完之后再来评价舒适度吧,1
女朋友的还好 我俩一直跑步穿boost 想体验一下专业跑鞋 ，于是给女朋友先买了一双，然后看到男士也有一双可以配情侣就拿下来了 当时满600减50 第二天刚发货 直接就来了一个 满500减100的 无语 想着鞋子没问题就好 也是期待的,1
到了晚上就迫不及待的跑了六公里，那歇一口气，太喜欢了，本来平时穿34.35的鞋，但是这个最小也36穿上棉袜也大了点点，还是可以的,1
整体还不错，后脚跟感觉很舒服，缓冲减压；但感觉前脚掌略显单薄。码数很正，平时穿多大码的就买那个码就行~,1
鞋号买大了，感觉像个船一样，我的脚肉挺多的呀。不过不换了，冬天垫个厚鞋垫就差不多了。今天跑个六公里感受一下。,1
穿着很舒服，码子很正呢，脚瘦的人正常码就够了，不要买大了，脚趾前面很空的，脚宽的人也好穿，就是颜色太花俏,1
第一次穿分脚型的专业跑鞋，谢谢客服帮忙确定我应该买哪种鞋，穿着跑步很舒服，室外跑稍微有点热。今天去健身房跑试试。,1
鞋子很舒服，鞋底很软，平时38码，这次还是选择的38码，我穿着很合适，穿出去走了一圈，有一点磨脚，明天穿长袜子，去跑步试试看，今天下大雨了，很喜欢，好评~,1
鞋子很轻，显瘦，我的脚是35码的，买了37码，穿来跑步的，很合适的号码，要是平时穿着，36也够了，反正大一码不觉得大，鞋子很合脚，昨天穿着跑了8000米，就是有点暖和，减震都很好,1
外观不错，就是2个鞋子的鞋面花纹相差太大了，试穿了下挺舒服的，今天刚收到，这只是第一印象，至于鞋子质量还得穿过以后再评论，第一次买亚瑟士希望给力点,1
哇塞，超级舒服，强烈推荐这一款，买了两双还有一双420的，但是没有这个舒服，底子特别舒服，包裹感超强，每天穿着跑步,1
鞋子超级炫酷显眼，因为本人喜穿黑白灰，脚上一抹艳丽，真的超级好看（个人感受^O^），第一次穿跑因为鞋帮好高磨了皮，适应了就好了，心水！,1
鞋码合适，和平常的一样，第二次买了，平常有每天跑6km的习惯，上学期也买了一双，很舒服很适合跑步，but一个学期被我跑坏了，感觉自己越来越骚包了，就喜欢这种红绿红绿的鞋。下次跑坏了再来买一双~~~,1
没有色差，非常漂亮，是我喜欢的颜色。穿着舒适，轻盈。还没有跑步，跑过再追评。第一次买亚瑟士，希望不要失望。 不错,1
找了好久的鞋才决定买这双，虽然不是很喜欢它的配色，但是跑步就这样啦，然后跑步是可以明显感到它的回弹力，但是久了就没那么明显，不过这个价位的跑鞋算不错了，客服态度也很好。,1
在家试穿，基本没问题，大小合适，舒适度可以，款式颜色什么的都满意，就是不知道跑步之后的感觉，等去了健身房体验之后再来追评，买这家的鞋是听说很专业，但愿不会失望,1
太太太太太满意了！！双十一折扣最后才花了200块钱，特别喜欢这个配色，挺裹脚的，主要是这双鞋颜值太高了！我的运动鞋基本上都是亚瑟士的，主要是平时用来打球儿的，跑步减震好不好我不知道，随随便便一双运动鞋都要一二百块钱啦，这次真是捡着大便宜，还没有穿，等运动的时候，真是喜欢的不得了，其实对膝盖的保护应该在于平时的保养，鞋子减不减震只是一小部分原因，喜欢的朋友们快买吧！,1
特别帅！！ 买的较大的码 平常阿迪达斯的话是穿38.5的Nike是38的 这个我就选的39的 一般布鞋啊什么的都是39差不多 很正的颜色很炫阿喜欢！没毛病的！,1
哪有什么踩shi感？但软硬适中，挺舒服的。我脚宽9.5，长230，客服居然推荐我39的，从来没穿过这么大码，还好没听客服的。,1
【表白客服yosa】 人生第一次买亚瑟士的鞋子，因为之前买的跑鞋跑步的时候把脚磨了，所以去知乎看推荐，说亚瑟士的性价比比较高，啊啊啊，物流真心挺快的，第二天就到了，穿着很舒服，特地买大了一号，挺好的挺好的，还有客服真的好客气呢，态度太好了，还斗图哈哈哈哈，必须好评！以后跑鞋就亚瑟士了！好评！！！,1
跑起来很舒适，减震缓冲效果很明显，跑步会轻松一些。就是太紧了，我特意买大一码还是紧。穿着跑了一会后脚跟皮都磨破了,1
个人感觉亚瑟士真的没有前两年做的好了，支撑回弹都不太好，第一次买亚瑟士是在三年前，后来陆陆续续在旗舰店买了两次都因为不满意退掉了，这双还稍微好一些，所以就留下了。亚瑟士性价比很高了，希望能不忘初衷吧。,1
鞋子实在是便宜，且很漂亮，买给妈妈的，穿着舒适，36码的脚，这双鞋子买了37码的，正好。给需要的朋友一个参考。鞋子不是很薄。准备再入几双其它颜色的鞋。客服都很好，及时、耐心。赞一个！,1
很不错～平时穿38码。买的38码感觉有点点小。不知道为什么亚瑟士就是没有38.5。。，。。有一点回弹力。包裹感比较强。,1
一起健身的朋友推荐的，穿了一次才来评价的，鞋底回弹比较好，可以比平时大一码，运动起来比较舒服,1
都说鞋子码偏小，根据脚长选了36码对应是225，我脚型正常，脚长223，这到手绝对大了1码，可以塞1根手指还有的多。鞋垫一量我的天235长&hellip;&hellip;这码到底哪里偏小了，汗！,1
鞋子很好，朋友推荐，比较轻巧也不会脱跟儿，包得很不错。平时穿35、36的鞋，运动鞋买的36，穿起毫无压力，前面有点点空隙，不抵脚尖。整体感觉不错。,1
舒适，穿上好搭配裤子，走了一个下午都不觉得累噢，平时我37，这次买37.5见挺合适的，如果买37正码我估计前面会稍微夹脚,1
第一次买带缓冲的鞋子，之前穿耐克跑水泥地膝盖总是不适，新鞋试了一下五公里，弹性不错，膝盖也没有明显不适感了。39的宽脚买的39.5，跑起来感觉正好，鞋子还是比较透气的，跑到最后大汗淋漓的时候也不会感觉闷热。,1
618大促入了两双同款，价格太划算了。第一次穿这种比较专业的跑鞋，第一次穿的时候，感觉脚后跟那里像装了一个小弹簧，走路时候一弹一弹的，但是跑步的时候不是很明显。 现在每天快走加慢跑的路程差不多是10公里左右，然后对比了一下那双还没穿的同款，发现每天都穿的那双鞋子减震效果没有第一次穿那么明显了。 雨天也在塑胶跑道跑过，不滑，但是走在沾水的瓷砖上面滑。 我体重130斤，穿这个鞋子在塑胶跑道跑七八公里，第二天腿会废掉。 但是在家里跑步机中午下午各慢跑50分钟， 第二天膝盖没事。 总体还是挺满意的，就是不知道一双鞋子能穿几个月。活动价格太划算，网上现在随便一双网红鞋子最便宜也要一两百吧。,1
特意试穿跑了五公里再来评价，咨询过客服买的外翻型的，鞋底比以前穿的耐克跑鞋要硬一点，但是跑起来的减震感觉更强，左脚大拇指外侧有点磨，推断是因为自己左脚没有右脚外翻厉害，鞋子内侧稍高以适合外翻脚型，所以我左脚大拇指外侧就有点磨了，看调整跑步姿势适应一段时间会不会好些。关于尺码，我平时穿鞋是35，耐克跑步鞋是36，22.5的，这次这双36稍长，鞋型是足弓部位比较紧，后跟和前脚掌还是挺宽敞松动的，所以客服说都是瘦长型，磨脚趾可能也有前掌包裹不够紧密的原因。整体来说鞋子舒适度不错，比我之前同价位的耐克跑鞋舒适，以后会尝试更高端的产品,1
冬天穿有点冷 北方现在是特别冷得时候 前脚掌 风一吹就透了 但是后脚跟的包裹性特别好 鞋子很秀气 穿上显腿瘦 整体满意 我觉得值这个价格 也很轻便 今天穿着还跑了七千米 忘了拍图了 客服也很热情,1
还不错，收到就出去溜达一圈，两公里，比较舒适，鞋子很轻，建议比平时买大一码或者半码，我换大了一码。换货也很快，点个赞！,1
超喜欢这双鞋啊，骚气骚气的，特别亮，跑了个15km没压力，平时37码，买大一码刚好合适，路跑，还是蛮软的，感觉买的很值，后悔没有买两双,1
做工不错，外形非常大方，漂亮！不知以后是否脱胶，新鞋鞋低偏硬，没有踩屎的感觉，但愿穿过一段时间，舒适度有所改观，是否正品有待验证！！！,1
第一次穿这个牌子的鞋子，真的比钩子舒服多了。非常合适，价格也适中。,1
鞋子不错，只是这些点点对于强迫的我来说不舒服，感觉是瑕疵，穿过后再补个评论,1
鞋子穿着超级舒服，轻巧，漂亮，透气，好看百搭值得，价格也很实惠，非常满意，绝对正品，物流给力挺快，需要的朋友们赶紧下手吧！好评全五分！,1
1：脚跟那地方有gel，我跑的时候明显感觉到压下去，挺舒服。 2：鞋的包裹性很好，但不热，特别是脚前面两个脚趾头，好像穿凉鞋一样，开车时感觉凉。鞋有导热性？跑完步时摸下鞋两边，感觉有点热。 另外说一下，我是个小胖子，一个多月没跑了，买了新鞋就动起来了。 Tip：建议脚比较大的人买大半码，我平常穿41码的，买41.5真的很舒服，不是刚刚好，而是多出一些空间，但脚趾头又差不多到顶，比较舒服。,1
鞋是活动时买的，挺划算的。穿着也还行，毕竟挺便宜的。以后有活动还会再来的。版型还是挺宽松的。总体满意吧。,1
很漂亮的鞋，比之前预算低很多，鞋底确实比较硬些。感觉现在穿确实热，还没开始跑，有空试试再说。冲着这个牌子来的。,1
作为专业的跑者制造商，这款鞋虽然是入门级，首先说下几个优点吧，第一，鞋子的包裹性特别强。第二，鞋子轻便。第三，鞋子的回弹性特别足，跑起来感觉更明显。第四，无论从款式颜色的设计上，还是价格，都是非常值得入手的。比以前穿过的阿迪耐克运动鞋强很多！,1
作为一个资深跑步爱好者，对自己的身体跑步鞋之间的磨合了解和信任，尤为重要了。这个牌子的鞋子穿了好几年了，前后也换了好几双，感觉就是包裹性，回弹性，缓冲性，抓地性能，还有透气性都能符合自己的身体状况需求，对于每次运动的完成都作用不小，以后还是会继续支持的。,1
发货很快，即便是在活动中，下单的第三天就收到了，鞋子包裹性很好，鞋底够厚够软，弹性十足，非常满意。跑步这些年买了十几双亚瑟士了，从没让我失望。服务态度好，鞋子性价比高。推荐购买。,1
618搞活动期间买的，价格很实惠，很快就收到了宝贝，质量不错，试穿了一下，颜色搭配也很好看，不长不短，春夏季穿很适合，其他的等徒步或者运动穿了以后再来追评吧，祝掌柜生意兴隆！！！,1
穿了一周后来评价的，五公里感觉没什么不一样的，七八公里时感觉到足弓的支撑，包裹感很好，透气性还好吧，就是那个胶味大点，总体来说不错的一次购物，物流还可以。,1
我的第一双亚瑟士，618买的，感觉很奈斯，因为买小了还换了一次货，服务态度也不错，种草了????,1
减震很好，穿着舒服，不累脚，透气一般，颜色挺酷的，跑步很合适，,1
穿着舒服，包裹性非常好，鞋底软，就是有点厚，还有很大的味道,1
专业跑鞋的感觉就是不一样，经常跑步的人就能体会到，但鞋子有一股胶水的臭味儿，这一点不是很喜欢，不过总体先给好评，后续再追加心得及合理评价   注：(其它运动鞋40码的这个大半码也挺合适),1
鞋子穿着非常舒服，完全正品无疑。颜色也非常好看。只是踩屎感还是差一些，但也不错了。亚瑟士鞋我认为还好，设计也合理，包裹性也很强，以后再买鞋就认准亚瑟士品牌了。完全符合我的要求也非常满意。价格也合理。性价比非常高。想买的朋友不要犹豫了。超值。,1
鞋子整体不错，缓震和支撑效果一般，但价位摆着呢，这价钱值了，好评，发的是伟伦电商的箱子，鞋子确实味道大，做工有小瑕疵，亚瑟士也就这做工了，之前一双在亚马逊买的，跑了一年，底子磨损严重，这个看看能不能坚持一年吧，之前一双耐克，3个月底子平了，还是亚瑟士耐磨。 服务好，好评！,1
这鞋真的不错，穿上正好，步行7公里感觉不错，不磨脚有弹性，买了两双，颜色也不错，已推荐朋友。,1
凭良心说 鞋子还不错 做工也没有网上说的溢胶  做工还比较细致 所以第一次买了两双 我和媳妇一人一双 都还比较满意 这是第二次买 收到鞋 大概看了一眼就收货了 第二天早上准备跑步 拿出来一看 白鞋底有很多黑点  鞋带抽丝了一点  问了一下客服 回答说鞋底黑点是高科技材料 导致的 鞋带抽丝 不好意思我们没有多余的鞋带就把我打发了，还问我是不是。穿过了。我穿过会这么干净的鞋底 一副不想负责任的嘴脸 ，服务态度极度让人失望。以后也不会在你家买。  各位同仁在这买 烧烧香别出问题 出了问题 根本没有想解决的。,1
鞋子挺不错的  小蓝蓝很骚气     五星好评计时开始那件is和我说呢我拿手机可惜呢就行哦我不会自梳女你想看啥送我家开心啵我不想接君心我心画速写不是你i邪皇无悔下节课萨克斯楠溪江机场不上班,1
先好评吧。一直没穿，收货开箱试了试，靴型大略笨，号码偏小，建议买稍大点。走了走轻便，右脚有点不适应，总感觉靴垫要往外脱，靴底弹性说不上来与其他靴好在哪里，走几步试不出来。真正质量好坏得跑了再评，看耐穿不。。。。,1
单单说做工不是很精细，有线头没收好！穿着的感觉确实很舒服比非专业跑鞋品牌的中端鞋子舒服多了，虽然没达到采屎感但是还是很舒服的，跑了6公里很舒适！,1
上脚还挺舒服的 只是胶味太大了 上一双没那么大的胶味 估计会臭脚吧  那就尴尬了???? 脚小的我能买到一双合适又舒服的鞋已经很不错了其他可以忽略不计 晚上跑10N感受一下它的功能,1
这款鞋已经穿好几年了。买了个好几种类型的，都非常好，穿着合脚舒适。快递也不错，速度比较快，服务也比较好。,1
很舒服，现在每天跑步都穿这双。穿起来也比想象的好看，比我的那个阿迪舒服一点，总之很喜欢，如果有机会以后还会买这个牌子，很喜欢，也很便宜。,1
帮我爸买的，穿了有一段时间了，暂时没问题，鞋底比我的越野版的要硬，不过我的越野版版型好看点。亚瑟士质量杠杠的。,1
质量不错，外形很好，上脚也比较舒服，就是号码偏小，给儿子买的，162身高，39脚，穿这个40.5的正正好好，没空余。,1
物流很快啊，客服态度很好，鞋子味道不是很大，做好的是外面还有盒子包着很好，穿起来很舒服吧，超级值，第一次买，以前都是nike篮球鞋，可以的亚瑟士，就是耐久不知道咋样。,1
鞋子收到，感觉可以。物流服务超好，由于本人地址搞错了物流态度很好帮忙联系才解决，必须点赞&hellip;&hellip;??????,1
鞋底软软的舒服，跑完马拉松没损伤，完美的鞋子，还很好看！以后继续装备就靠这里阿克了，越穿越爱穿，家人每人一双，老公也跑步身材越来越好！跑步没压力，爱运动无损伤美美的，running  on,1
跑了5公里，鞋子对脚的包裹性较好，鞋子并不滑。吹毛求疵一点的话，鞋子不耐脏，穿起来有些胶味。瑕不掩瑜，妥妥好评。至于鞋子的耐穿性还有待考察，等跑几个星期回来追评。希望给想买鞋的跑友们有点参考。,1
跑了几天，感觉还行，鞋底有点硬，不过感觉这双会比较耐穿（以前买的两双亚瑟士鞋面都破了）姑且再相信你一次~,1
印尼的， 感觉舒适，包裹性很棒。 一份价钱一分货 攒钱买双贵的， 也体验体验踩翔的感觉。,1
这双鞋还没穿，质量我都不敢相信了一共买了3双鞋，一双鞋底底片开胶严重，退货售后客服不理,1
感觉像假的。味道刺鼻，鞋子的后半部分巨硬，鞋底也是。感觉侮辱了亚瑟士这个品牌,1
略闷，鞋底的确有点硬，跑步还行，另外鞋底内侧白色胶上有好多小黑点，看评论别人也有，正品与否不予评论,1
第一双亚瑟士的鞋 入门级的跑鞋 感觉还可以 胶味有点重 细节还需要再处理一下 希望能跑的久一些,1
没有踩屎的感觉那么夸张，可能是低端产品的缘故，不过回弹力真的不错，比之前穿的600的阿迪好很多！第一次穿爱世克斯，印象还可以，以后再买个贵点的穿！,1
鞋子挺好 挺满意 第二次买了 唯一的缺点 鞋子味太大了 要多吹吹 晚上跑一下试试看！,1
做工和用料都很好，没有别人说的很粗糙的感觉（是不是别人要求太高或者穿惯高端货？），上脚感觉特别舒适，第二天就穿着跑了，跟其他品牌不是一个层次，专业跑鞋就是不同！,1
鞋子挺不错的，跑起来也很舒服就是有点挤脚，跑步脚麻了都已经   不过应该穿软了就好了吧  单位很多都选的亚瑟士很不错,1
我是我们村第一个淘宝购物的人，这里一般不网 购，因为买东西不超过5块，听说我在淘宝上购物 后，整个村都震惊了。村长跑到我家说我是不是疯 了。说这日子没法过了。面对重重压力，我坚持要 买，我相信我这个月的工资不会白花。终于快递来 了，我怀着激动的心情，颤抖的打开包裹，一霎那， 我的眼睛都要亮瞎了。啊....这颜值、这手感、这质 量...只怪我读书太少，无法用华丽的言语来形容它。 我举着它，站在村口，整个村都沸腾了。所有人高呼 着，更有甚者，我不给他们看，他们就要跳井。吓得 我赶紧收起宝贝，挤出人群落荒而逃。为测试宝贝 效果，我立刻去海拔高达100米的村长家院子里用， 用完后，在全村人羡慕的眼光里，昂首挺胸，扬长而 去！,1
低足弓～支撑型～适合自己的才是最好的～ 之前的李宁跑了300公里，差不多要报废了，现在一次能跑十公里。去商场买了两双奇丑无比的耐克跑鞋，结果跑来一双膝盖一双脚底那跟筋痛&hellip;&hellip;两双都最多三三公里就不敢跑了～ 这双鞋还不错，跑着膝盖不痛，脚底也不痛～,1
价钱合适，应该是正品，新鞋刚穿的时候有点硬，穿穿就好了，脚步支撑不错，鞋子炫酷，有些色差，比图片要深一些，总体满意！,1
鞋子质量看着挺好的，老公听别人推荐购买的这个品牌，试穿感觉还行，如果跑步要求不高应该还是不错的选择。就是价位变化的有点快，当时减了三十的券299，还没来得及确认收货，现在6.18活动296，凑四元还能减三十，唉：-(怪自己太着急买早了。不过还可以退三元差价，服务还行。总体满意！,1
穿着一段时间天天五公里感觉很舒服 平时穿40这次买的41稍微大一点,1
没有以前买的GT200的踩屎感！儿子说太硬，不愿穿，本来是想作为他的生日礼物??的。&hellip;&hellip;既然买了退货也麻烦，留着自己穿吧！,1
外翻效果不错，但是6公里超过后感觉太硬，没有体会到反弹，回弹，减震的效果，估计是第一双次穿这个品牌的原因吧，还在适应中,1
首先，快递速度还可以的，但是送过来鞋盒有一点破损，颜色有些许色差，可能跟关照什么的有关系，上脚感觉还行，晨练，健身房都没挺合适，考虑价格这个性价比可以了,1
ASICS亚瑟士运动鞋稳定支撑跑鞋跑步鞋 GEL-EXALT男鞋T616N-3993，多次买亚瑟士的跑鞋了，穿着很舒服，样式也还不错，很好！,1
第一次买这个品牌的鞋子，价格很实惠，折后269元，小孩虽然不太喜欢这个颜色，但说穿着跑步走路还不错！希望质量也能经的起考验！好评鼓励！,1
穿惯了GEL-KAYANO和GT-2000，回头再穿这个入门鞋，完全就找不到踩屎感，鞋底有点硬，鞋子比较轻，适合十公里左右的公路或者塑胶跑道训练,1
底很厚，缓冲减震效果非常非常棒，总总共共买了不下十双，跑步真的会上瘾。一有活动就买。好像买鞋也会上瘾，这下麻烦大了。,1
鞋到了，检查了外观没有什么损坏都挺好，就是冬天穿比较冷。包裹性和支撑性都可以，鞋底踩上去很硬，准备跑跑试试。,1
鞋子还不错，物流很快。鞋子偏小，需要买大半码~不足的是两只鞋子内侧白色部分都有一些明显的黑色印记，像是杂质，擦不掉，看着不太舒服，但不影响跑步~,1
鞋子和预想一样，非常漂亮，一如既往的轻便透气，上脚包裹性特别好，穿着无比舒服，整体性价比很高。唯一不好就是鞋边的黑点，强迫症看着真心不舒服。,1
鞋很好，款式新颖，抗震性好，穿着舒适，透气性比较好，防滑耐磨层较厚。好货！,1
鞋底偏硬，跑起来撞击跑道的声音比较响，倒是挺合脚，亚瑟士的鞋的感觉那种底盘扎实，方向指向性好的车子开起来那样，人鞋合一，高端鞋没穿过，这双鞋给人感觉避震不咋样,1
回复了原价，以后儿子说就选这款鞋了，太实惠了。性价比很高的一款鞋。拿到手小孩就不脱了，以后就买阿迪达斯和耐克了，实惠加舒适,1
鞋子很透气，前几天有雨雪穿出去走走冻的不行，鞋底也不怎么防滑，准备过一阵子气温上去了在穿，总体感觉还不错。,1
一如既往的好，穿着感觉脚底下踏实。相比之前偶尔购买的361&apos;这是天，那是地狱。再也不买便宜货了，搞得脚和膝盖都不舒服了,1
售后服务特别好  自己情绪化还给他们带来了不少麻烦   鞋子物美价廉  第一次买亚瑟士感觉就挺帮 以后经常来关注你们生意  买友也可以多关注这家店哟m9(??｀)就是你！,1
亚瑟士专业跑鞋品质保证，一直选择这个品牌。对于有脚部问题的人士帮助明显，儿子脚外翻，穿这个很合脚，对跑步有帮助。,1
双十一买的第二天就到了，迫不及待的试了试脚，舒服，包裹性真好，前掌支持感和后脚跟的缓冲感很不错！平常40吗这个40.5的正好！内侧的黑点吓我一跳，客服解释说是duamax材料特有的现象，我看介绍详情、模特脚上的都是这样，就接受了。总之很舒服！以后都买asics了。,1
鞋子挺不错的，支撑性很好，比我上一双亚瑟士有明显对脚支撑，价格很划算，三百多入手，整双鞋基本上没有瑕疵，生产日期也标明了，应该是今年7月份生产的，一开始还对鞋子的上市日期比较早有点介意，不过看到生产日期后也就没有多余的担心了，日期可以接受吧，小伙伴们也都说我这双鞋子挺好看的。希望这双鞋子能陪我跑到下一个双十一，哈哈哈。,1
买给老爸的鞋子，他觉得还蛮好的，价格便宜，穿着舒适，发货也很快，就是不知道为什么箱子碎了，但是鞋子没什么问题。,1
鞋子很不错，买来跑步的。裹脚，跑起来挺舒服的。性价比很高哈！照片晚点拍了看看能不能上传。跟店家没啥交流，不过好评还是要给的！,1
店主服务态度很好，亚瑟士跑步鞋是专柜正品的，质量很好，款式还是很别致，耐看 耐穿，喜欢亚瑟士这个品牌。很满意的一次购物！,1
蛮好的，比较便宜，超值！有点小误会，但是解决的很好。客服lvy超好，超级有耐心。谢谢各位，下次还来,1
一个字好 两个字很好 三个字非常好 外表中规中矩 但是穿着起来很舒服，弹性很好 没有异味。性价比要比。某踏 某宁 好些。棒棒棒 好宝贝值得拥有,1
性价比绝对高的一款跑鞋，按cm买码数会比较准。包裹性不错。做工真心不比阿迪耐耐差，还比较不会撞鞋！完美！,1
活动299拿下的，舒适度比较好，包裹性不错，跑步很舒服，这双鞋子颜值也勉强能当休闲鞋穿，重量也很轻，比较值。,1
16年才接触这个品牌，经常骑行～爬山，感觉挺合脚，包裹强??。刚穿感觉有点硬（以前都是休闲鞋子），穿几天就习惯了,1
做工很精细，外观也很漂亮，透气也很好应该说没淘友说的气味很大，也就正常的新鞋味，尺寸也正常，本人还是比较满意。谈到踩屎感那肯定没有，这跟材质有关，过去用的是橡胶，我穿过双回力高邦篮球鞋那才叫你知道什么是踩屎感。现在都是用塑料代替，所谓的高科技就是怎样把它做成橡胶的特性，所以不会有真正意义上的踩屎感，而且遇水还滑，（我特地试了一下）。总的来说想满足一下穿品牌的虚荣心，还是值得入手。我是买了准备夏天穿。,1
很好，穿起来很舒服，包裹性不错，透气性比之前的好点,1
鞋子非常好 先拍了一双太大了 后来又买了一双 40码的脚拍40.5正好呢 送给男票的生日礼物 他很喜欢这个配色 嘻嘻 点赞 专业跑鞋 跑步不累脚,1
送给老爸的礼物??给他看图片，一眼就相中蓝色款了！ 第一次购买的时候，选了正常的运动鞋尺码，试穿时发现：前脚掌偏窄，非常挤。于是换大了一个尺码，上脚试过非常好。老爸喜欢得不得了！他开心，我也开心。 这款鞋虽然不是纯皮面料，但网眼材质舒适透气，鞋底如图，很适合适合运动休闲。两百多的价格，专业运动鞋品质，真心不错??,1
很好的跑步鞋，适合脚面不高的，包Y性好，跑时稳定，回弹合适，透气性好，脚感舒适。非常专业的跑步鞋！另鞋码准确：,1
亚瑟士的鞋子不用多说了吧，想必每个人都知道这是跑鞋中的佼佼者。这次给老年人买了一双，想让他走路散步舒服一点，也体验一下亚瑟士的神奇魅力。家里现在人手一双亚瑟士，连小孩子的也买了，确实不错，踩屎感极强。如果再有活动，可以考虑再买一双换着穿的。赞一个,1
一直很喜欢亚瑟士，买了十来双鞋子了。这是给孩子买的，他也很喜欢。穿上感觉舒适，包裹性好，他说和正在穿的鞋子一样好！物流很快的。推荐一下。,1
一如既往的舒适，喜欢。男朋友也被我渐渐带粉。他比较喜欢潮鞋。但是我更注重舒适度。亚瑟士，真的很喜欢。,1
舒服是真舒服，胶味也是真重。包裹性很好，所以夏天穿稍微有点热，这双鞋穿着散步足够了，跑的话还没跑过，总体很满意。另外尺码偏小。,1
第一次买亚瑟士，哇噻，穿起来超级舒服，跑起步来回弹性很好，非常满意，用用一段时间再来追评，物流很快，好评！,1
第一次买亚瑟士，选了这款不错，大小刚合适，穿上也挺舒服好看，价位也不高，有需要还会再来！,1
和平时穿的号比大了半号，刚开始还有点挤，穿一会就没问题了。边和底很软，走路很舒服，已穿四天，还穿着健身过，不错,1
给舅舅买的跑步鞋，之前自己穿了一双感觉很好，知道亚瑟士是专业品牌，gel技术值得信赖，所以再入手一双,1
亚瑟士的鞋子不用多说了吧，想必每个人都知道这是跑鞋中的佼佼者。这次给老年人买了一双，想让他走路散步舒服一点，也体验一下亚瑟士的神奇魅力。家里现在人手一双亚瑟士，连小孩子的也买了，确实不错，踩屎感极强。如果再有活动，可以考虑再买一双换着穿的。赞一个,1
鞋子收到，物流很快，试了试很好，客服非常好，购鞋过程中出现了一个小插曲，客服仔细，认真，耐心的给我解决了问题。非常谢谢，给5分,1
买来，今天晚上实战6公里了一下。总体很让人惊喜，缓震很棒，很舒服，跑的时候觉得很舒服。外观也好看，鞋面网眼也很多，跑的时候很凉爽，不太适合冬天户外休闲穿冻脚。有一些小小的线头，但是不影响使用，200多价格还是比较满意的，我想我下一双跑鞋也还会是亚瑟士的。,1
头一次在网上买鞋，也是头一次买亚瑟士的鞋，总的来说这次购物还是很满意的。尺码小0.5码，按客服推荐的正合脚，拿到手，感觉有点重，但穿上后，可能是包裹性比较好的原因吧，跑起来并没多大感觉，减震效果还是有点的，透气性一般，但真的很舒适，鞋底橡胶的耐磨防滑，暂时没发现有脱胶的情况，还是很给力的哈,1
平时Nike260的，这个买265的还好，鞋包裹性好。常规方面：外包装正常无破损；内包装正常有防护作用，宝贝外观正常无破损；卖家能够在二十四小时内发货，物流正常；电子打印的快递单，收货地址清晰；物流公司服务态度正常，运送速度正常；宝贝与卖家描述的一致，满足需求；客服服务态度好，回复速度快，能够解决购物中的疑问。,1
来晚了，鞋子收到两天了，都穿了两天了，我觉得很好，价格也很不错，周日买的，269，现在涨价了，感觉赚到了，首先心情也好了。其次，鞋子减震也不错，不仅适合跑步也适合日常使用，反正我是日常也穿。第三就是样子不错，因为是跑步鞋，所以比较瘦，脚偏宽的要买大一点。以后还会继续光顾的。最好是物流很快，一次很满意的网购。,1
第一次买这个牌子的鞋，样式质量好，大小也合适。价格不贵实惠，比其他牌子的鞋便宜多了。以后就穿亚瑟士鞋了。五分,1
可以，穿着刚刚好！仅仅刚刚好，要是松一点更好了。上一双亚瑟士42的合适，这双应该买42.5了&hellip;&hellip;,1
我平常穿40码运动鞋，买的40.5略大点点，徒步走不影响，跑步略微有点。鞋底较硬，支撑好，但慢跑弹性好，满意。,1
穿了很多，评价晚了。舒适度不错，服务也很热心。鞋子透气、颜色正、鞋底垫子稍薄了点，整体不错,1
穿着跑了两次步，也没有很软吧，不懂所谓的踩屎感是有多软。反正平常跑步穿，想要更好的体验的建议买更好的。配色上能再改改平时出街也能穿了,1
很满意的一次购物，客服很好，但是唯一不好的就是我们这的物流，还要收我快递费，态度差。希望客服举报一下他，这个快递员想钱想疯了，还让我们自己去拿,1
买大半码没错的，质感很好也很好看，穿起来很舒服我觉得趁现在活动可以马上入,1
不错，国际品牌就是不一样！很舒服，弹性很好，跑步要选双合适的鞋，可以说是物美价廉了！,1
穿了两天，感觉很不错，贴合，舒适，脚底缓冲效果明显，适度不会感觉太软，第一次穿亚瑟士的鞋子，的确不错！,1
穿起来感觉很舒服，外观高大上，一看明显就是正品，愉快的一次购物,1
样式跟展示的一样，很潮，穿起来很软很舒服，但是刚买就降价，不包邮的物流还这么慢，日,1
活动价购入，非常超值，款式好，上脚舒服，虽然是入门级但用来跑步足够了。 。 非常满意！,1
鞋子挺好的，不过售后有点麻烦  偏小半码，换了42.5的  要在详情页里面标注,1
不错！码子偏小，我老公平时穿41码，买的42.5，合适！我穿这个牌子的鞋，平时36码，买的是37.5才合适。供大家参考！,1
一次称心如意的网购，实物与图片基本一致，时尚又实用，刚刚穿上就来了一次5公里慢跑，鞋底虽然不太厚，但整体包裹性好，后跟作了加强内衬，80kg的体重，支撑度和缓冲度都尚可，脚板不累，跑起来很轻松，是徒步慢跑的利器。值得拥有。,1
很好的体验！第一次尝试ASICS，买了一款低预算的产品，但是性价比很高。首先，鞋子的外观颜色很亮，有活力，适合室内外运动。设计和logo很与众不同。其次，穿着体验也特别好，包裹性很舒服，没有挤压感，无论是快跑还是爬山，是运动装备的上好选择。推荐,1
质量不错、穿起来很轻，脚感很好，颜色配比依然很满意，用来做日常和跑步用很不错，透气性也很好，这双鞋和衣服裤子搭配都很轻松，这张照片只是随意拍的，但是依然能感觉鞋子的质感，以后还会再来买的，相信品牌的质量,1
包括鞋子，两个盒子，一层纸。。。。。颜色正，穿着舒服软，有回弹，买亚瑟士的鞋子就不怎么在乎外观了，总体还行，不过有点瑕疵，在图5中有点压皱了，不知是什么原因，不过不影响使用。。。。。。。。。。。。。。。,1
鞋子拿来之后，老公就穿上了，说今晚跑步就穿它。真是很舒服耐磨底，软软的，在公园小路上跑步最合适了。,1
穿了阵子再来评价的，这鞋子舒适度的确很不错，鞋底厚度一般但是减震效果真的很好，但是我这次买鞋其实主要是为了透气，这鞋子包裹性很好可能导致了透气性就表现不佳了，每次穿完袜子都是有些湿的(本人略微汗脚)，所以为了透气性的可以考虑其他款。,1
首先鞋子真心不错，轻巧，特别是鞋底很舒服，有弹性，不磨脚；其次价格真心亲民，性价比高，我也是朋友推荐了这款鞋来买的，有的大牌的鞋子还没这鞋穿的舒服呢。,1
脚感还可以，包裹得比较紧还好没穿小，晚上去跑步试试，应该不错,1
脚感好到爆，高中以前在学校跑步买过亚瑟士，后面很少一个资深aj粉 现在爱上亚瑟士了，舒服,1
已经试穿，跑步了，总体减震是有的，不过不那么明显。毕竟价格喜人。穿着很舒服，包裹性很强，不建议平时穿，跑步时穿。总体满意。,1
第一次入手亚瑟士，脚感还是不错的，比我之前的同等价位的361要好的多，等到晚上出去跑个步开始感受它的魅力????????????,1
非常不错。图片跟其他的一样，质量挺好的。比较舒服，入门级也不错了！建议拍大半码或者一码,1
宝贝已收到，非常喜欢。试穿了一下，码数合适。和卖家描述的一样，穿过以后再来详细评价！,1
早就想买亚瑟士的鞋子了，无奈好的太贵也没必要买，最近降价，250左右一双还是可以接受的，真心不错,1
鞋子真的超级好的，正品，舒服，最主要的是穿上很好看，店家也特别热情，解答所有的售后各方面问题，随叫随到，真的让人特别舒心，最后祝店家生意兴隆,1
之前买过一双，42.5码，大了一点，散步舒服，看到有优惠，马上拍多一双，不错，尺寸合适。,1
收到货了，今天跑了5公里，感觉鞋子轻便，减震效果好，产地好像越南的，总体感觉满意！,1
做工非常好，是正品，性价比高，期待能走更多优惠，儿子以后就定这个品牌了。,1
男人节买的比较优惠，加了10元发的顺丰第二天下午就到了。和描述一致，实物颜色都无差。喜欢！所以收到第一时间确认收货。客服推荐的码也很合适，赞！,1
第一次购买这个品牌，目前外观感觉非常不错，舒适度有待验证,1
这个鞋关注很长时间了，穿上果然好，是我期待的那样，也是你们广告打的那样，物有所值，下次还会再买的，超好！,1
试了试大小正好，也挺舒服，鞋底比想象的硬一点。物流速度也挺快，先穿着再看看。。。,1
鞋子外形好看，穿着舒服，平时44码的鞋子，这款44码正好，买来给孩子中体考跑步穿的，希望能跑出好成绩,1
专业的就是不一样，鞋底缓震效果非常明显，有传说中的&ldquo;踩屎感&rdquo;，很喜欢这样的感觉，过两天跑跑试试。,1
舒服。东西要有比较才知道好不好，同时也买了双其它品牌的，相比较起来真是不要好太多了。,1
家是亚瑟士忠实的粉丝，一家三口，每个人都穿亚瑟士，这个鞋子质量真的非常的好，跑步也非常的快，有活动还会再次光顾的，特别值得信赖,1
物流也很快，这是今年在官网买的第二双，的确很好，穿着很轻便，很舒服，以前在实体店也买过两双，??，价廉物美，值得,1
已经多次购买了，一直喜欢这个品牌，穿着舒适，尺码准确，搞活动的时候买的，很划算，性价比高。以后还会继续支持。,1
宝贝非常好！脚感舒适，包裹性、透气性很好，是长跑的好装备。已经是第三双了！客服非常热心，有活动要通知我！给五星。,1
舒服，穿了一段时间再来点评，每一步走起来都是软软的，秒杀nike的roshen和air max系列，Crocs。这是我穿过的最舒服的鞋，路人转粉，十分好评,1
亚瑟士我也是第一次买，听别人都说非常不错，属于那种长跑越跑越舒服的那种，还没穿，以后会发追评的，鞋子非常不错，超级帅气,1
鞋收到质量挺好  由于本人原因调换鞋号  服务非常好  这样的服务这样的店非带好  下次还会再来！谢谢你们的服务！,1
买的第三双亚瑟士了！这双鞋子底很厚，踩屎感强，适合日常低强度训练。试了下10公里，缓冲很舒服，就是提速不快。,1
这款运动鞋质量真的挺好的，一直穿这个品牌的。包国新透气性都非常好。之前买的比这双贵几倍，但是也只穿了一年不到就磨破了，但是还是舍不得丢。一般都是后脚跟还有全脚掌上面容易磨破，这一双看起来比前两双好，要扎实。,1
鞋子很好，穿起来舒服，跑步很保护脚。已经试穿了，很好，试试防滑效果，要是好过两天给老爸老妈各买一双。可能是我没理解尺码。以前买43的，看评论说这鞋要买小半号的，于是买了?42.5，有点紧。但想想，穿一阵子就会松点所以没关系了。,1
收到鞋晚上就跑了10公里，个人感觉这款基础鞋慢跑还行，如果追求速度那就有点吃力了，前脚掌有点小硬，可能是新鞋吧穿几次就好了，后跟中规中矩吧，毕竟是基础款，喜欢锻炼身体，偶尔跑步，散步，陪女朋友逛街，这简直是必备良品，怎么说呢，大品牌的质量有保障，上脚舒服，又有GEL是吧？一不小心就手机码了这么多的字，原因就是我特别喜欢跑步，给你们一个小小的参考吧。,1
很舒适，不愧是亚瑟王，面料一级棒，做工也精致，和传说中的一样，上脚踩屎感及其舒服。作为入门级的性价比很高了，重要的是体验真的很棒。,1
跑的飞起，软。  终于收到我需要的产品，实用性还不错，朋友推荐的牌子，价美物廉，说实在，性价比很高的店这是我淘宝购物来让我比较满意的一次购物。无论是客服的态度还是对物品，我都非常满意的。客服态度很专业热情，有问必答，回复也很快，我问了不少问题，他都不觉得烦，都会认真回答我，买这个东西有时候就会多了解一会，多纠结一会。再说产品，正是我需要的，收到的时候包装完整，打开后让我惊喜的是，宝贝比我想象中的还要好！不得不得竖起大拇指。下次需要的时候我还会再来的，还会再来，这样很好的店哈哈哈啦哈。太棒了。还会推荐给有需要的朋友，毕竟这个价位很划算。只选对的不选贵的啦。,1
从这里买的第二双了，天冷，都还没穿。本来想等穿过再来确认收货，但好像时间到了。外观看挺好的，试了下很轻很透气，就因为透气好，所以等几天天热了才能穿。习惯性先给个好评。,1
爸爸说穿着很舒服，跑步很不错，所以又买了两双，以后就你们品牌了，平时255，这次41.5略长，宽度刚好，脚瘦的可以选40.5就可以了,1
穿着非常舒爽！！！脚感炒鸡好！真的有传言中的那种舒爽的感觉，就是没有那么夸张而已，虽然还没跑步试验但是走起来也很轻便舒适！,1
特意穿上鞋，跑个5公里，再来评价。不错!确实可以，跟别的品牌相比，穿这个鞋跑起来，感觉非常轻盈，这个价格，有这样的品质，值!以后买跑鞋就是亚瑟，亚瑟,1
跑步这么多年第一次买专业的跑步鞋，感觉就是不一样，鞋底很厚，尤其是脚后跟，跑起来有弹性，不吃力，适合慢跑，长跑，做工精细，没有看到什么明显的问题，很是期待能陪我跑多久。,1
发货速度快，在鞋盒外面还有一个纸盒包装，穿上感觉包裹舒服度不错，鞋底稍硬，不过没影响，整体不错。,1
老公说脚感很好，我主要觉得这款性价比还行，不贵，也是专业跑鞋。亚瑟士在跑鞋里面，还是靠前，工薪阶层首选的。。。,1
看到鞋子的第一眼：额&hellip;&hellip;是不是买小了？ 拿到鞋子的第一感觉：好硬&hellip;&hellip;会不会板脚&hellip;&hellip;  穿上第一次跑步：哇，好苏服！！！感觉整个脚丫子被温柔的包裹，透气不捂脚汗，暖暖的很贴心！跑起步来也弹弹的，很爽，跑起来不累！  作为一个平时只穿皮鞋、板鞋、休闲鞋的伙伴，瞬间被亚瑟士圈粉啊，虽然刚开始跑步，买的入门跑鞋&hellip;&hellip;,1
印尼产，去年3月份生产的，已经库存一年。包裹性强，缓冲性可以。内里有海绵，稍微有点闷热，感觉应该比较适合春秋冬穿。快递也不错，26号下单28号下午到。,1
首先 客服态度 真的很好 虽然圆通在肇庆的快递罢工了 但客服依然很耐心解答顾客的疑问  其次 鞋子质量很好 踩屎感就夸张了 和Boost比起肯定有差距 毕竟一分钱一分货 但鞋子很轻 我是人生第一双亚瑟斯跑鞋 （特别我用来开车 我的车子是手动档所以鞋子很轻与离合结合度很高）鞋子舒服是一定的 但码数有少许偏少 为客服与圆通快递小哥点赞 五星好评,1
鞋子很好，儿子一直喜欢这个品牌的，包裹性好，特轻便，客服也很好，还会再来的,1
买了三双了 ，穿起来真的特别舒服 ，跑五公里 -十公里 一点问题也没有。鞋子漂亮，设计专业。不愧是跑鞋之王。,1
鞋很好、穿着舒适透气、高大上。码也很正。很愉快的一次购物、以后还会经常去这家店购物。客服多服务也也好,1
鞋子穿着有种踩在棉上的感觉，很软。又跟棉不同，富有弹性。那一抹红，深得我心。bi????,1
买给男朋友穿的，用来跑步。鞋底偏厚，鞋型不错，无色差。,1
一次成功的购物，宝贝美观大方，穿着舒适，下次还来购买。,1
以前一直都是买那些旅游鞋，自从开始健身以后。才发现术有专攻。还是专门做运动鞋的品牌好,1
鞋子真是不错，物流给力，穿起来想踩在屎上一样，正品，以后跑步穿坏了再在这家买。,1
刚拿来试了一下，鞋子确实偏硬不过入门级的鞋子，还不错。味道有点大 晒几天再穿吧。 买来当小白鞋还不错,1
一次性买了两双，感觉很不错，我相信他的品牌。准备备战3月份的清远马拉松。广州赛区的欢乐跑。,1
很不错啊，回来就马上穿上了，晚上准备跑跑步试一试性能，看看能不能加速和持久。,1
鞋子收到了，穿着跑了下，感觉很舒适，减震效果不错，可惜没抢到白色，下次再来,1
鞋很轻，鞋底很厚，后跟的减震效果不错，很适合普通慢跑。,1
这个鞋子我买的有点大，大一码！不过认真看了下，鞋子本身没有什么问题，穿起来很舒服。没有跑步，所以还不知道感觉怎样？亚瑟士这个品牌的鞋子我第一次买，没有经验。所以个人感觉蛮不错的,1
快递很给力，鞋子上脚很舒服很透气，非常轻，鞋底软硬度适中，跑起来感觉很好！,1
跑步鞋我还是买亚瑟士的吧！春天到了，出去跑跑步，运动一下，大家运动＋健康，快乐?！,1
第一次接触亚瑟士，买了他的入门版，价廉物美，没有感觉到踩屎感哈，不过跑起步来还可以，慢慢习惯下。,1
女王节给爸爸买的，质量很好，爸爸说很合脚 这个价位很满意 对亚瑟士印象不错!,1
鞋子收到！质量杠杠的！两个盒子包装卖家很负责任！下次再来客服热情！,1
好穿，白色相对来说好搭衣服 虽然Asics入门级，但是缓震的感觉比Nike的zoom强烈,1
出于平时随便穿穿和散步的心态，淘了这款活动价的鞋。这是我的第四双亚瑟士了，人们常说：&ldquo;人不识货，钱识货&rdquo;和较专业的亚瑟士跑鞋来比还是有点差距。不过这款鞋的做工和尺码都很棒，和同价位的其它牌子相比，信价比挺高，值得拥有。,1
第一次买亚瑟士，比以前穿的阿迪、耐克好多了，价格对头，挺让人舒服的，等天气好了就穿去溜溜,1
鞋子很好看，挺舒适的，真的蛮不错的，建议买大一码。,1
鞋子很好，传上去不挤脚，又不是很松弛，鞋子很轻，简直就是跑步神奇。,1
相当不错，我脚长260，买了42的，所以建议大家买大半码到一码,1
第二次买这牌子的鞋了，内底软软的有弹性，穿着走路，跑步都很舒服，鞋子的版型和颜色有是我喜欢的，给五分！,1
是正品，鞋子很漂亮也很舒服，平时慢跑锻炼非常好，满意的购物体验。,1
非常好的一款入门级的跑鞋，周边的跑友都在穿，这次是给不会网购的跑友代买的，他太满意了,1
鞋已经收到了，一看就是正品，没有溢胶啥的，大小合适，鞋码准确，包装给力快递快，好评。,1
送给老爸的，老爸很喜欢，说是颜色不错很配衣服，还不容易脏，穿起来也比上次买的耐克的稳当，算是很满意了，这价格性价比真是超高,1
一直喜欢亚瑟士的鞋子，虽然是入门级的鞋子，鞋子很轻，很舒适，跑起来特轻松。,1
鞋子不错，穿着很舒服，外观也很时尚，正品，值得购买！ 好评,1
穿起来挺舒服的，样式也很好看，物流也挺快的，很快就收到货了，挺喜欢的。,1
第二双亚瑟士的鞋子，挺合脚的，快递挺快，性价比不错，五星好评，下次还来。,1
踩屎感足足的，相当棒，以后买跑鞋认准亚瑟士,1
物流快，商品精美，我觉得这简直是我买淘宝，最开心的一次!赶紧下手。我以后就在这家买了，所有的运动鞋!,1
鞋子大小合适；脚感很好，穿起来很舒服，第一次穿跑了10公里没发现有什么不好的地方。鞋子的做工有待提高。,1
鞋收到了。物流很快。鞋子与描述的相符没有色差。客服推荐的尺码刚刚好。满意的一次购物。下次如果有活动，一定还会再来。,1
很舒服，小日本的鞋子却实不错，一点也不比耐克差，非常好,1
感觉还可以，无色差，我买了比平时穿的大半码刚刚好,1
鞋子不错，跑步舒服，相信亚瑟士,1
鞋子很好，平时锐步穿40.5的这个没有码数了买了39.5的觉得还行，不算很紧，跑步的话紧凑一点也好，可以用来跑步也可以用来日常穿搭，都可以,1
鞋非常好，穿起来脚底很软，价格实惠，下次可以考虑继续在你家买东西。,1
鞋不错，入门跑鞋对新手很友好，不愧是世界四大跑鞋厂商之一。,1
第一次买亚瑟士的鞋子，非常非常的不错，跑起来真的很轻松。,1
已是第二双比前一双大半码合适，供后来的参考。,1
非常喜欢亚瑟士品牌的跑鞋，质量好、穿着舒服且轻便！白色的未能抢到手，若再上货一定再求购。,1
物流很快，鞋子是正品，穿上去很舒服，毕竟是亚瑟士，还会继续光顾的。,1
给爸爸买的生日礼物 39最小码 他的脚每次店里买都没有最小了 这个正好码偏小  刚刚好 祝爸爸生日快乐啦,1
第一次给孩子买这个品牌的入门跑鞋，还没有穿，比较轻便，做工也不错，希望不让自己失望。店家发货迅速，鞋子颜色很漂亮，款式比较适合瘦型脚，总体不错。,1
缓震很不错 跟气垫鞋一样 版型也超酷 超值,1
东西很好，很实惠的，第一次买真的好棒，很开心的一次交易，好好好好好好好好好好。,1
我目前只穿了一个晚上，感觉挺好。有点那种感觉，比较轻，相对来说右前脚掌有点不是特别舒服，但是总体很舒服，真实评论,1
物流速度飞快，男朋友很喜欢，虽然我不太理解直男审美。颜色没有图片看上去深，可能是因为光线吧。据说穿着挺舒服的,1
满意！超级满意，前一段时间一直穿着靴子，又重又不舒服，但是必须要穿着，这个鞋子到了第一下穿上太舒服了！有种踩屎的感觉，又轻又软！舒服，不愧是跑鞋大牌子，超级满意！推荐！,1
这次购买是我的父母送给远在绵阳的朋友！我就推荐了这双！亚瑟士我买过一双！中端的！感觉不错！货朋友已收到！尺寸正好！我都买大了半码！上不了图了！,1
给爸爸买的，爸爸说可以，他买来就是跑步的，想开开始锻炼身体了。很满意得一次购物，图案也挺适合爸爸的，好评。,1
一直买他家的鞋子，质量没得说，本来想买白色的，因为码不合适，就拿了这个，还不错蛮亮的，底有点硬不过蛮厚的，发货也很快,1
真的惊喜！东西收到以后马上查看，发现与图片描述一致，超级喜欢，卖家发货速度很快，，服务也很到位，给老板点个赞，下次还会来购买.........,1
复古的颜色和造型，深得我意。 白鞋 虽然是新鞋子也看起来旧旧的挺喜欢的 陕北啊！！！ 超薄&hellip;&hellip; 等开春了再出去穿吧?\\_(ツ)_/?,1
第一次买亚瑟士，鞋子胶味道太大，包裹性不错，鞋底还算软，其他一般，没什么特色，不过这个价格可以了。,1
总体上还可以，但是小细节上处理的有点粗糙。比如，有一只鞋头有溢胶，远看看不出什么的，只有近看才可看出，不影响整体美观。如果注意一下就好了。,1
支撑挺好的 虽然穿上去不能算软 但缓冲还是很舒服的 性价比比较高 跑几天后再来追评,1
虽然没有43码，但这个42.5穿起来和43码大小一样，每天跑步的时候穿，鞋底挺软的，但毕竟是入门款，有这样的软弹已经很不错了。又轻又透气！好穿！,1
怎么说  买了亚瑟士很多次了  质量没的说   但是这一次出了一点小意外   就是我的快递盒子被压扁了  里面的盒子也变形了   有点难受  但是质量让我依然好评,1
已经是第四双亚瑟士了，早上跑了7公里6分配（体重80公斤），感觉膝盖好痛，提不起速度，此款鞋只适合体重轻的人慢跑或者是散步。我是冲着性价比去买的。毕竟是入门级的跑鞋，对于月跑量200公里＋的人来说，不太适合。平时穿着的舒适性和包裹性那是一点问题都没有。,1
还可以，码数是正确的不大不小，鞋垫还比较软，前脚掌不算太挤脚，就是后脚那个垫片一开始有点硌脚，后面弄弯了后就还好,1
我也是醉了，都反应些大，可本人选择270CM（其他牌子都是这个大小），反而偏小，换货为275CM。脚宽的不适合。这种鞋底在夏天比较软，冬天会发硬。包裹性非常强，适合短距离运动。,1
家里人那双大小刚好，我的略微有点小，还好暂时能接受，脚底感觉不错，就是前低后高，有点向前冲的感觉，希望能穿久一点，过一阵子再来追评,1
买给老公的，大小他说适合，平时穿39码的，这双我特意看了评价里很多人的建议购买了大半码。颜色比较低调，主要是老公不喜欢很艳的颜色。舒适度其实对他来说无所谓，就是平时随便穿着，他不跑步，所以踩屎感应该体现不出。,1
鞋子不错，就是同样42码的，此款鞋比耐克的大不少。穿42码耐克正好。这个就买大了。提醒大家注意一下。,1
舒服还是可以的。。码数是标准的，跟耐克的一样，这买来工作穿的，希望耐磨,1
第一次买亚瑟士，好看，就是有点硬，号码会偏小一点点，不过是新鞋可能穿穿就好了，物流真心快,1
初三的弟弟说好看，好穿。但是物流实在是不知道在搞什么，五天了还没到，从福州到三明又从三明送福州去了。错过了弟弟的体育中考,1
穿上挺舒服的，但是透气性一般，比较热。跑步的时候建议穿一双到脚踝以上的袜子，不然会有些磨脚踝??总体还是可以的,1
鞋子的舒服性还可以，对脚步包裹还不错，减震还行，耐不耐穿有待观察，透气差了点，适合春秋季，就是营销套路有点吃不消，昨天311元今天就269了   还行,1
我一般都穿260的鞋子，开始时上脚回硬，也堵脚趾头。跑了2公里左右，鞋子就在适合脚了，虽然还是有点堵大趾头。入门级很划算了。,1
鞋底挺软的，挺舒服的，平时穿43的，买的43.5的，感觉脚掌部分略紧，不过影响不大。穿船袜的时候，脚踝骨附近有种被磨到的感觉，总体好评,1
给老公买的，他出差回来试了，大小刚合适，颜色样式都很漂亮。怪不得都说穿了亚瑟士别的鞋都不想上脚了，果然是,1
总的来说还行吧。入门级跑鞋，就这个价格一般了，穿上去后有点窄，包裹性比较强，脚宽的人可能穿的有点紧，还是要买比平时大半码比较好。鞋底比较硬，但是鞋垫有一定的缓冲减震功能。休闲穿不行了，跑步一下凑合，建议还是买好一点的吧。客服kaka态度好，好评一个，发货速度也快,1
质量不错，应该是正品，孩子挺喜欢。好评？接下来就是为了凑齐80字，听说可以增加淘气质，亲们可以忽视哦&hellip;&hellip;我的人都有一个人的时候我就不想再去看了一个人的时候我就不想再去看了一个人的时候我就不想再去看了一个人的时候我，好了够了&hellip;&hellip;,1
穿着很舒服，这次刚刚好！ 就是想想上次买了一个太小扔了，浪费几百块，有点心痛，奉劝大家一定要买合适的尺码&hellip;?,1
鞋还不错，样子也还可以，就是码偏大，我40的脚，买的40.5回来又点大，又不能换，怕39.5的小。唉，就没有40的吗？穿着走路都掉呢,1
鞋子还不错，才249元，但是物流太慢了，到城后，配送用了整整三天，打客服也没有用，还算舒服，应该属于亚瑟士的基础款，不过还是蛮不错了,1
满意，穿上就跑了8公里，一开始鞋底很硬，踩开了就有感觉了，跟我这种大体重的人不要很配，码子很正，就是物流太慢了，扣一分,1
非常舒适。。。鞋子要比普通的号码小半号。。我感觉是这样的。。幸好多买了半个号。。舒适。得劲。。必须五分好评。。,1
尺码真的合适，穿着不硌脚，鞋底不硬，不过没想象的软，一分价钱一分货吧，穿着就这个效果，整体满意,1
挺舒服的  鞋子就照片这样  平时穿多大买多大就行 不用故意大一码。,1
鞋子是挺不错的，但是跑步起来感觉鞋子没有那种弹力，不知道是跑姿不对还是怎么的？脚落地不正确？但总体来说鞋子挺好的,1
虽然是亚瑟士入门级，但脚感真的好，刚穿的时候觉得这鞋怎么这么硬，走起来才发现真的好舒服,1
出去一段时间，收到晚了，刚穿上感觉很不错，跑步很舒适，但是我刚看了现在的价格，降了30元，什么鬼？才几天的时间，真是坑！,1
款式好看，穿着舒适，价格优惠。以前买了一双1000多元的，这次200多元的感觉也差不多，爱克斯，很满意！ 满意,1
质量真的很不错的，买的东西很合适，商品质量非常好用的产品和服务质量都很好的服务质量好价格比较便宜点的时候就可以接受的了，我们的生活方式是什么时候回来呀，我们的生活方式是什么时候回来呀，我们的生活方式是什么时候回来呀，我们可以看到自己最真实饱肚子疼肚子难受得难受难喝好评好评好评好评好评好评好评好评好评好评好评好评好评好评好评好评好评好评好评好评好评好评好评好评好评好评好评好评好评好评好评好评好评好评好评好评好评好评好评好评好评好评好评好评好评好评好评好评好评,1
期待已久终于到啦！很棒啊啦内容很好很赞哦，只是好评啦：-D以下请忽视淘宝几年才知道原来评论85个字才会有积分。所以从今天到以后，这段话走到哪里就会复制到哪里。首先要保证质量啊，东西不赖啊。不然就用别的话来评论了。不知道这样子够不够85字。谢谢老板的认真检查。东西特别好，我不是刷评论的，我是觉得东西好我才买的，好评！！！！！！！！,1
每次确定收货后，偶都会默认好评接着把星星填满，偶觉得这是个好习惯，每当看到：亲，您的评价对别的买家有很大帮助时，偶就发誓一定要做个好评专业户去好好帮助别的买家。马云大叔都说了，给好评的买家都是好买家哈。老板，临走之前再悄悄告诉你一个小秘密，偶已经把你的店铺收藏起来啦！如果别的买家因此而找不到，你可不要怪我哟&hellip;&hellip;。,1
！希望卖家以后多多搞活动哦！满意！满意！满意哦！五星好评！！！,1
先说好的，款式整体挺不错，挺好看，运动来看的话，包裹性好。做重量运动的话，胶底稍微硬，不太舒服，透气性一般。这价位来看，也行吧。,1
很透风 和透气 鞋子中途换了一次 10块钱邮费 相当优惠卷白用了?? 鞋子还可以 比较紧凑 穿久了 应该会好  好评,1
非常好看，非常喜欢给爸爸买的，他说非常舒服，尺寸也刚刚好，还要买41码的，但是没有40一马的给爸爸买了四11：00无码的，他非常喜欢跟我说，以后就要买这家店的鞋了物流也很快，包装也很完好。只不过鞋子侧面，有一些体教就是鞋头和鞋帮接缝的地方，有一些体教除此之外都挺好的。,1
这个价位买的是超值超值（嘿嘿??偷乐，现在网购有点提心吊胆，仔细挑选还免不了经常赞助物流），透气性好，三十几度的天气里面穿薄棉袜一点不捂脚，尺寸格式，跑步弹性十足支撑到位。,1
鞋子很舒服，样式好看，简单百搭长大小正合适 是网面的所以很透气，跑步和做keep都有很好的保护感，不累脚 挺好的,1
不愧是亚瑟士，穿着跑步真舒服，这还是个入门的，慢慢的往上买,1
鞋子收到了，尺码合适，偏瘦型，脚肥者建议加大一码，老用户了，质量不用多说，价格也实惠。一次满意的购物，下次再来。,1
挺不错的，本来觉得一般，可是上脚很舒服。尺码刚好，下次再来。??,1
第一次买这个牌子的鞋，之前都是斯凯奇，从网上看到这是全球四大跑鞋之一，看到这个价格，心动了，一次两双。收到货后总体感觉还是可以的，些许的味道，可以接受。鞋面和鞋底偏硬，希望穿几天能有所好转。但总体感觉比斯凯奇要弱一个档次。对得起这个价格。好评吧。图片中有亮点，就不多说了。,1
每天陪老婆早晚两个4公里徒步，特意穿了一周才来评价，鞋子合脚舒适发力顺畅。 鞋子的做工精细，用料考究。以后就是它了。,1
鞋很好很喜欢，踩起来很舒服，没有异味，鞋样很好看， 日常好评：质量没得说了，和描述的一样。。。上门取货的，非常满意。。卖家MM的水平很高，人也很有耐心，很热情，没想到真的是这样的.像这样的卖家，在网上已经很少见了.卖家服务好，价格公道，一次愉快的购物!哈哈，不谦虚了，想看更多，就来吧，已经收藏了店铺哦，下次再来!!!!,1
因为工作原因才穿上新鞋子，这款鞋子作为亚瑟士的入门级跑鞋还是非常不错的。款式好看，鞋体轻，鞋面透气好，很喜欢。,1
做活动买的~非常划算~鞋子穿起来很舒服，客服很细心，问什么都能细心回答~快递很快~全五分好评！赞赞赞赞赞赞！！！！！！,1
物流很快，两天就到了，快递小哥辛苦，但是鞋上印花的线掉了，客服的态度带着自信中又带着与生俱来的逼格？你那一连串的发问是在吓我吗？哦，没有发票，点子发票还要申请是什么鬼？懒得退货了，你不是旗舰店吗？呵了个呵,1
早上试跑还算下错，再多说两句。 专业跑鞋和普通跑鞋的区别在于你每走一步，所得到的能量反馈。而入门级跑鞋和中高端跑鞋的区别就在于这种能量反馈在你跑步的时候是否依然存在。,1
穿了一段时间才来评价的，鞋子穿着底子感觉有点硬似的，但是走路跑步都很舒服，很轻。,1
对鞋子极度满意，拿来日常穿的，平时跑步穿迪卡侬。一直喜欢穿运动鞋，这双应该是买过的穿着第二舒服的了,1
一如继往的好，这是我最近一段时间买的第二双亚瑟士跑步鞋了，质量很好，以后还会再来买的。另发货速度也很快，希再接再励。,1
1、跑鞋款型都差不多，只要不是特别难看，穿在脚上都还不错。2、鞋码大小和平时其它鞋子一致。3、脚上上半部分全网状，结构透气并且特别舒服。4、鞋底略微有些硬，第一天上脚，待后续观察。5、无起胶无脱线。6、总体还是不错的！,1
特地穿上走了几公里，说说优点：鞋的包裹性、防滑性、透气性都不错，不累脚，缺点：有点重、厚，个人觉得更适合春秋天穿，总体这个价位值得购买,1
一次很愉快的网购！做工精致，缝线密实，相信旗舰店的东西。专门到实体店试过亚瑟士的跑鞋，发现普遍偏小，所以选择大一码半（大一码妹得），货到后穿上出去运动了下，感受不错。本人平时40吗，买的41.5，光脚穿可以，穿上袜子应该正好合适。对了，本地实体店标价是网店3倍+，我丢了个螺母。,1
鞋子不错，鞋型比较适合脚窄脚瘦的，买大一码较合适，鞋底分两层的，着地面硬但上层不硬，穿着还是蛮舒适的。,1
非常满意，虽然等了几天曾经活动，但发货非常快，对于我们小胖脚来说，亚瑟士的鞋真的是太友好了，以后会继续关注的。回归方程v进看哦开门句怪不得下班健康快乐看哈v发邮局吃年你不饿撒烦人G8狂魔和他放大想法加工费刚回家鸡飞蛋打干哈几i卡卡家家户户不能斤斤计较急急急叽叽叽叽,1
第一次穿这个品牌的鞋子，个人感觉不如迪卡浓舒服，鞋底有点硬。颜色和图片一样，没有色差。,1
老公想要一双透气不臭脚的运动鞋，看朋友穿的这个牌子的鞋就买了，正好618优惠，特意买大一号，试穿发现这款鞋脚掌瘦，不错轻便。,1
穿过亚瑟士 阿迪 新百伦的，觉得同价位还是亚瑟士出众，走路跑步真的舒服。这款低不是那种软绵绵的低 但是走起来很有弹性，跑步更是舒服，因为特别轻怕它不耐穿，希望穿久一点。这个质量我觉得正品没毛病,1
被同事种草了很久，终于下手，外观比较时尚，很轻，整体感很舒服，一次愉快的购物,1
真的超级超级喜欢，第一次穿亚瑟士的鞋子，走路都带风了??，喜欢的真的赶紧买，真的很不错！！！不是托，昨天晚上穿在塑料跑道走路，超级舒服！！！,1
发货很快，包装很完美，很好的保护了鞋，不会受到外力的破坏！ 鞋的包裹性很好，穿起来很舒服，因为是瘦款的，所以比平时买大了半码！刚好合适！ 颜色很正，跟介绍里一模一样！ 产地看下图！,1
东西收到式样很喜欢，穿着很舒服，以后家里皮鞋穿了不舒服都会下岗了，大红的本命年买双穿穿图结利，给好评点个赞！,1
鞋子很好看 与图片几乎完全相符 鞋子轻便 鞋底虽然有点硬但是穿上后里面很舒适，亚瑟士的鞋子就是很适合跑步呀 很满意,1
鞋子收到了，穿了半个月了才来评价，鞋型精美、做工精细、鞋码标准，应该是正版，有一样缺点，就是刚打开鞋盒的时候，有一股浓浓的胶味，穿了半个月，回家就放在通风干燥的地方，还有些淡淡的气味，总得来说，挺好！,1
说说这款鞋我的感受，首先包裹性确实好(我理解为夹脚)，其次所谓支撑好(就是鞋底硬)，回弹方面，我跑了5公里没感觉到有回弹，就不说了，五公里下来膝盖疼，这个鞋走走路还行，跑步不推荐购买。纯属个人观点。,1
鞋收到了！非常好 舒服包裹性很好，但是不得不提下，买小了。给老婆穿了大小正好。在想拍一双吧，结果不是原来的价了，怎么办？能不能安原来的价格再给我一双。？？？？？,1
鞋子颜值还是比较高的，跑起来也是很舒服，减震效果很好，由于是刚刚开始练长跑的新人，以前没有入手过跑步鞋，这是第一双，也没有办法比较，但是跑步真的很不错，跑步新手还是可以满足的，如果你只是想跑跑公园操场5km以内都是ok的，长了的话不知道，因为我还没跑过超过5km的，还有就是买鞋要考虑清楚，鞋子不好退，如果你把鞋子穿到户外去了，客服就不让你退鞋子了，这一点真的很无语。总体满意,1
鞋子挺好看的，之前买过另一款白色的。鞋底相对来说比较硬一点，应该更适合平常休闲时穿，穿了几次，没有明显的瑕疵。好评。,1
鞋子穿着很舒服，走路的时候有风的话，会感觉到风吹到鞋里面去，刚到手两天。发现降价了，立马找客服，本来也没抱希望，谁知道客服一句话没多说，直接教我退款流程，唯一要吐槽的地方就是不包邮，收了13的运费，还发的只是申通。,1
宝贝拿到手后，很满意，试穿了一下，挺舒服。颜色也很满意。618买的，很划算。物流也很快，只是尺码稍大了一点。 好,1
跑鞋，趁活动的时候买的，买了两双优惠了100元，给公公婆婆晚上散步准备的。鞋子比较舒适，走路不累，婆婆说很舒服，喜欢的散步者可以下手了，价廉物美！值得购买！,1
穿着鞋子几天了，跑了两次步，感觉缓冲很好，鞋子质量不错，性价比很好！  应该是正品，好评！我是第2次购买ASICS的跑鞋了。运动鞋我平时穿40码的，ASICS这个鞋码子偏小，我买了40.5码的，大小正合适。 快递蛮快的！,1
第一次买亚瑟士，鞋型偏收脚，选购时得比平时运动鞋穿的大半码到一码，选择了黑色比较好搭配，舒适度还可以，相比nike还是没有那么柔软。总体来说还是不错,1
与描述相符。包裹性很好，轻便。因为脚型比较瘦，选择正常的号码就很合适，又买了一双其他款式的，很期待。,1
穿着舒适，包裹性好，避震性好，给赞  尺码偏小，平时穿40买了41.5的,1
已收到，穿着试了一下，很好，鞋子很轻，鞋底也软，上脚很好看，        穿一段时间再回来追平，另外，夸一下客服真的很用心。        快递就算了，反正三通（中、申，圆）就从没让我惊讶过，还是那么得&ldquo;快&rdquo;。,1
鞋子偏大半码，可能是夏款吧。瘦脚型，穿着舒服轻便，缓冲有弹性(比双11买的那款好），好评。,1
里外两层包装盒，外面是伟伦电商的包装盒，里面是亚瑟士的鞋盒，显示产地柬埔寨，有合格证和售后服务卡，目前能看到的商品信息如图，供大家参考吧，鞋码平时穿37，我脚骨架宽，所以这双鞋选大了一码，正好，视频里和三叶草stan Smith的小白鞋对比了一下大小，小白鞋是4.5UK码的，个人觉得和这双穿上的感觉一样，鞋子还不错。,1
鞋子不错，蛮合脚的。原本打算买38码，听客服建议买了39码。拿着蛮轻，明天试试跑个五公里看看感觉。哦对了，另外，客服的服务态度很好，这点值得表扬！,1
非常漂亮的鞋子，很好的卖家，发货快，物流快全五分。挺喜欢的，本来不太中意黑色，粉色没号儿了，价格也能接受就不太情愿选择这款。没想到打开后非常好看??满意，上脚轻巧，很有弹性很舒服。脚不肥大正常码数。会帮你们宣传出去的。谢谢朋友的推荐。,1
终于买到了，百搭，穿上走路轻快，想撒腿就跑。不爱穿袜子的妹子，第一周最好涂护肤霜。别问已经穿2双阿瑟士跑过上千公里的我是怎么知道的,1
快递特别快，隔天就到了。 一直想买双亚瑟士高端款。所以先买这款入门鞋试试脚感，这黑色的还蛮百搭的。质量是还真不错，穿着走路锻炼也不累脚，不磨脚。物有所值 Yami客服很热情,1
特意在实体店试穿后来天猫上买的，跟实体店一样，还便宜，哈哈，试穿了一下，传说中的踩屎感就是不错。很喜欢。外面下雨了，舍不得穿出去。等过两天天晴，去夜跑试试，很满意的一次购物????,1
还不错吧&hellip;特别好的是，我原价买的 第二天降价 给我退了差价。很感谢。以后还会再来买的。买的第四双了！买的情侣款，特别好。,1
穿着舒适，质量好，轻便。正品。感觉真好，多年的老客户了，也带动女儿也穿你店品牌鞋。穿运动鞋就认你伟纶了。好好??,1
第二次购买，喜欢亚瑟士的内敛，穿上收脚，鞋型好看，看了好多哦，最后还是决定买它。一点建议，就是鞋面的网纱应该改进，上一双只有网纱坏了，没法修理，再舒服也得扔了。,1
跑步非常非常舒服！相比于穿板鞋跑步 今天一口气跑了平时里程的两到三倍 相比其他牌子真的性价比高 适合学生党 对于普通运动爱好者 这款入门跑鞋已经足够了 鞋底稍薄 有回弹力 跑起来很轻松 一开始以为会买小 拿到之后因为鞋身包裹性比较好 穿起来有点紧 后来运动之后明显合脚了 正常码就可以  以及黑色真的漂亮！对于asics的配色方案来说真的是平均线以上了&hellip;&hellip;好评～,1
鞋子很好看，颜色是深蓝的，类似藏青色，鞋带是很亮的橘色，这个配色很有对比性，很好看，鞋底也非常舒服，很软，走路不累，出去遛弯穿很好。售后服务不错，鞋子寄来有点质量问题，申请换货，虽然比较慢，但还是换了没有质量问题的回来。,1
一直特别喜欢亚瑟士的鞋，实物比图片好看，这次赶上促销了很划算。我脚宽，这个鞋款型窄，我平常穿38码这个买了39.5的很合适（不具有参考价值，脚窄的按正常就行）,1
穿了一周才来评价，真的很不错，很轻巧，走路很舒服，准备再买一双！,1
特别喜欢，这个粉色，太like了。然后我平时穿鞋是35，运动鞋36。然后就担心鞋子36太大，但是运回来，刚刚好，样式颜色特别喜欢。然后客服也很热情。会回购。跑步试试这个牌子的。开心。买到一双喜欢的鞋，真的好开心啊,1
这鞋这价格对的起物美价廉这四个字 正常脚型不胖不瘦 平时穿37 这鞋也买37 收到就穿上运动去了 买来快走用的 挺舒服的 比较轻便 缓震感觉比较一般 但是快走足够了 成绩比之前提升了一分多钟 准备再买一双替换着穿 个人感受 供参考,1
鞋子特别好健身，跑起来缓冲还可以，颜色是比较偏荧光的橙色，比较特别的颜色，发货速度也很快，客服服务也很周到，第一次买亚瑟士的鞋，没有失望，很满意！会再来的呢！,1
鞋很舒服，大小也合适，早晨穿着我的新鞋鞋跑了三公里??（不磨脚）,1
鞋子收到了，很喜欢，鞋子试了一下，很轻，很包脚，我平时穿37码，这次选37码半正好，对这次购物很满意5星，下次再回购。,1
鞋子真心喜欢，很漂亮，给闺密也买了一双，因为我的原因出了点小问题，客服耐心解答，真心感谢。一直喜欢亚瑟士的鞋，在这儿买了四双鞋了，适合不同级别的运动爱好者。推荐这家,1
穿着暂时还挺合适的，等过几天穿久了再来评价，颜色挺艳的哈哈哈不过还好看！鞋子一般重量，完了换上不是运动鞋就觉得怪怪的了，感觉鞋子还是挺好的，就是不知道会不会洗了变大，看的很多人推荐亚瑟士，没有踩屎的感觉??不知道是不是正品，也没有验证码什么的，暂时穿着还舒服就是了，今天回去看忽然发现涨价了，还好前几天买下了，希望穿久了不会开胶之类的??,1
收到快递送来的包裹，鞋子挺好的，物流也很给力。昨天已经试穿了，穿起来还不错的，但确实很轻，很合脚。已经推荐给朋友了，款式还是可以的，u颜色，百搭款的。我觉得是值得大家可以回购的款，鞋子总体不错的。   还行的。,1
今晚第一次穿着跑步。鞋型感觉偏窄偏小，不过我脚有点肥，平时36，这个37刚好。缓震效果很好。新鞋穿着很酷！240多的价格，性价比还是可以的。,1
挺好的 收到货当天就穿着跑步去了 还是很有弹性的那种 不过水泥地上跑还是没有塑胶跑道舒服 这双鞋子日常穿也不错 黑色也百搭 会再买其它款的,1
好喜欢这个款式的鞋子，尽管没有踩屎的感觉，但是对我来说还是称心如意的，穿在脚上酷极了，轻便舒适透气，我的脚背高，平时穿36码的这次买大一码刚好合脚。,1
鞋型偏窄，慢跑可以，鞋底还是有弹性的，买的37刚好。不好意思收货晚了点，第一次购买，发货很快东西收到之后马上查看了，和预想的一样，同事已经问了链接。很有耐心的卖家，以后有需要还会回购的。,1
送给闺密的，由于自己的原因造成很多麻烦，客服很热心耐心的解答，这是第四双了，以后会继续回购。值得购买,1
还是很好的，鞋底不是软软的那种，但也不硬 ，买来健身的，很满意。沿海太容易下雨，清一色的小白鞋小粉鞋真心容易脏，有了这个黑色鞋子就可以大胆走路啦！不怕脏，反正看不到。。。。而且鞋子质量很好，是正品喔！话说看起来比我的阿迪和斯凯奇都要高大上，不知道是不是黑色的原因,1
朋友推荐，说这个品牌款式好、价格实惠，第一次买感觉不错。听客服的建议，正常码加上一码，很合脚舒适轻便，下次继续关注。,1
一开始穿起来还蛮硬的 越穿越好穿 大小要大一些 我买了大半码 刚开始试有点紧 后来穿久了就松了 很合适了 越看越好看 买来跑步的 希望在放假之前瘦下来吧 哭唧唧 加油加油加油嗯嗯！,1
挺好的，就是这个天气穿好热啊，不磨脚，刚合适，感觉左脚的鞋小一点不知道是不是我的错觉，鞋底不软，一般。嗯嗯嗯嗯嗯嗯额么么么么么么么么么么么么么么么么么么么么么么嗯嗯嗯嗯嗯嗯嗯，好评(o^^o)。。。。。。。。。。。。。哈哈。。。。。哈哈哈呵呵呵。。。。。。,1
收到鞋子之后差不多两个星期了才来评论，昨天晚上穿着新鞋子去跑了，很舒服，跑五公里也比之前轻松很多。但是走路回家发现鞋子磨脚踝(怒｀Д&acute;怒),1
鞋子挺好的，物流也很给力。昨天已经试穿了，并没有大家说的踩在屎上的感觉，但确实很轻，很合脚。已经推荐给朋友了，她也下单买了两双。我觉得是值得大家可以回购的店铺。,1
好穿，好穿，我觉得是我买的最实惠的一双鞋。很喜欢，颜色也喜欢，穿起来的感觉也很舒服，总之就是喜欢，喜欢，喜欢！成为粉了，祝店家生意兴隆！,1
刚开始穿的时候有些硬，也没有所说的踩s的感觉，穿了几次后发现还真的有踩s感，很舒服。立马给我爸买了一双。推荐购买哦，下次我买运动鞋还是会买亚瑟士。,1
物超所值。期待效果。鞋码正，我也是看了评论特意买大了半码。果然大了一点。希望自己继续长高。第一次遇到半码，也很有意思。快递到的刚刚好。感谢。,1
很不错，鞋子比较偏轻，脚底比较舒服，但是不是那种特别软的，脚跟处被固定了，跑步时感觉不错，发货很快,1
哈哈哈哈哈哈有点喜欢这个踩屎感的鞋子~黑色耐脏，有点小帅~其实看起来好像也没那么丑啦~穿着也很轻啦~等以后屯钱给老爸也买一双~哦吼~忽略宿舍的脏乱差。。。,1
很舒服！很透气！黑色耐脏！第一次买亚瑟士，脚感不错(*??&acute;ts`??)??比心！会继续购买的！很轻便！很喜欢！穿上去也很帅气！还很舒服！超级喜欢。还不贵！祝生意兴隆！～～～,1
运动鞋透气又舒服！颜色很喜欢，非常适合夏季穿着！是属于那种粉橙色，搭配同色系的外套和短裤，整个人都青春活力十足。非常显白哦！跑了几天的步，不累脚，底比较软。物流配送服务也不错，我很快就收到货了。,1
比我想象中好看，鞋子的版型偏窄（？）脚稍微胖点或者宽点都建议买大一点哈，在磨合中比普通运动鞋穿着好跑一点，不过早知道迟几天买了(;&acute;????Д????`)618活动便宜好多啊哭泣,1
第一次买这个品牌的运动鞋，还是挺满意的，颜色特别漂亮，虽然与同价位的斯凯奇和耐克相比底子硬了点，特作为跑鞋跑步非常舒服有回弹感，听买过的网友说需要大半号，但大半号却有点大，按正常的买就行。,1
很满意，打算今晚跑步就穿上它～原本想着反正就跑跑步丑一点没关系，但是黑色这双很好看，平常穿出去也很适合。,1
最早在朋友的推荐下买了一双，穿了感觉太好了，值得购买。接着推荐给爱人，爱人穿了后，又十分满意！接着给女儿买双试试，女儿说先买双便宜点的试穿一下吧。今天刚到的货，女儿穿了，说很舒服，在家也脱不下来了。尺码建议买比平常的运动鞋大一码的，我买了三双，都是比平常大一码的，刚刚好，很合适。,1
刚上脚觉得鞋底硬，穿上一走路就觉得软了，挺舒服的。平常38码刚合脚，买的39码稍长一点点，穿着很舒服，穿习惯大码恐怕是穿不了小码的了吧??,1
鞋子非常好穿，平时穿39的，看评论说选大半码比较好，就选了39.5码的，非常合适，尤其跑步的时候特别舒服，很专业,1
穿起来也非常舒服，如果脚不是偏胖的话不用大半码按平常的码数买就好,1
两百多真的太惊艳，拿到就去跑了十公里，弹性好，缓冲也很棒，跑下来轻松不少。下次再买慢跑鞋，必定回购！,1
鞋子很好，尺码也刚好，简直为我量身定做一样，以前的运动鞋都很轻，昨天穿这鞋跑了4公里就累了，不过习惯就好了，穿上这个鞋，我就是操场上最亮的崽,1
鞋子很棒棒的！有一点点小问题，跟客服联系，客服也耐心的解决了。这个鞋子穿起来很有松动性，很适合运动，值得购买！,1
穿上去挺好的，就是拆开有股味道，整体很舒服，运动或者平时穿都非常酷炫好看,1
一直穿阿迪和耐克的跑鞋，都嫌弃亚瑟士的外观不好看，首次购买，不亏是跑鞋之王，稳定的支撑性和缓冲性，真的不是吹的哈，跑了22公里试鞋，越跑越轻松，真的体会了一把传说中的踩屎感。看来以后跑鞋还是要选亚瑟士,1
还不错，已经穿去跑了一次步！鞋子也很透气！刚开始拿到手上觉得鞋底很硬，但穿在脚上，脚感很好，一点也不硬！跑起步来确实也好跑很多！,1
亚瑟士的跑鞋做的真的很棒 这款鞋底挺软的 跑步很舒服  搭配衣服什么的也很好看哦,1
买的37.5，正好，第一次穿还磨破了脚，不过后面就顺畅了，我跟每个鞋都有一次磨合期，还是挺喜欢这个鞋的，又轻又舒服，喜欢喜欢??,1
物流快，的确版型较瘦，穿着比较舒服。也很好看。我买的是比自己脚大1.5码的，之前买的也是。给脚趾前面留下空间，在跑步时不易伤到脚趾（比如长跑出现淤血）,1
很合适，很好穿，上脚看起来也还比想象中的好看。哈哈哈哈哈哈哈哈好哈哈哈哈哈哈哈哈好哈哈哈哈哈哈哈哈哈哈哈哈哈哈哈哈哈哈好哈哈哈哈哈哈哈哈好哈哈哈哈哈哈哈哈好,1
真的很不错奥  超级舒服了 透气性好  颜色也超级棒   夏天很是清爽   物流超级快 下单的第二天就到了  客服也超级好  太赞了,1
很好 搞活动时候买的 很划算 很喜欢亚瑟士家 希望以后活动多多  终于收到我需要的宝贝了，东西很好，价美物廉，谢谢掌柜的！说实在，这是我淘宝购物来让我最满意的一次购物。无论是掌柜的态度还是对物品，我都非常满意的。掌柜态度很专业热情，有问必答，回复也很快，我问了不少问题，他都不觉得烦，都会认真回答我，这点我向掌柜表示由衷的敬意，这样的好掌柜可不多。再说宝贝，正是我需要的，收到的时候包装完整，打开后让我惊喜的是，宝贝比我想象中的还要好！不得不得竖起大拇指。下次需要的时候我还会再来的，到时候麻烦掌柜给个优惠哦,1
实物上脚比图片好看，挺显脚瘦的。黑色的夏天很百搭。我脚比较宽，平时运动鞋穿38的，这次也买的38刚好合适。,1
从没有穿这么嫩的鞋子过??，第一次买。不过没让我失望，有点后悔该再买大半码就好了，虽然穿着刚好，但是跑起来，脚会发热发涨，就会不舒服了。由于后天有跑步活动，来不及换了。将就着穿吧。发货贼快，喜欢！！,1
收到鞋就迫不及待的上脚试了，很舒服，平时我穿35码的鞋，拍大一码还担心会肥，因为我以前买的运动鞋都感觉肥，我的脚瘦，但是这双鞋包裹性很好，鞋子也轻，走长路脚不累不疼，跑步也舒服，后跟感觉有弹性，真的物有所值,1
遇上了亚瑟士，爱上了运动鞋，曾穿高跟鞋多年这些年一直与平底单鞋为伴，但是亚瑟士真的改变了我对运动鞋的看法，舒适时尚，利于健康，穿着简单便可百搭，很满意，很喜欢。,1
挺棒的，这鞋真的很瘦 包裹性很强 主要是脚掌两侧的地方 ，对脚胖的人还是有点困难，另外鞋底有点硬，其他的很不错，五星好评,1
鞋子挺好看的 听了其他买家的建议买大了半码 因为鞋子本身确实是偏瘦 所以除了稍稍大一点以外肥瘦还是合适的 包裹性很好 准备明天路跑试试,1
特地穿了一段时间再来评价的，很喜欢这双鞋，晚上都有跑步的欲望了，穿上也很舒服，走路和跑步都比较轻松。就是我脚宽，平常穿37码，这次得买37.5码的才合适，退货的时候客服态度也很好。比较适合春秋啦，夏天还是有点热。,1
没有之前那双的踩屎感，价位不一样真的差很多。趁着搞活动买的，还比较划算吧。鞋子确实很轻，适合日常和跑步。,1
室友都说鞋子很好看 尺码刚刚好 穿起来有些硬不过很舒服 下一次会再买亚瑟士的鞋子,1
别的都还好，只是为什么鞋底要整这么大个槽？我经过学校的石子路，带走了路上的鹅卵石，第一次鞋上能卡这么大颗的鹅卵石,1
棒棒哒~很舒服，我脚背高脚宽，大小是36.5，这款我买的37.5，可以放进一指，但我喜欢稍松一点的，所以觉得刚好，如果喜欢刚好全部填满的那种也可以买37码。这款鞋型我觉得并没有个别评论里说的压脚背的现象，只要比平时的号大半码或者一码就可以了~,1
很喜欢很喜欢很喜欢，穿上真的好看啊哈哈，妈妈都想也买一双了！就是塑料味很大，不放心是不是正品&hellip;&hellip;但是还是挺喜欢的！！！！！！！！！！穿上很舒服！配衣服好配！！喜欢！！！！！！！！！！,1
超级喜欢，颜色特别漂亮，图片上看不出来多漂亮，实物真的很好看哦~~穿着很舒服~~~看评论说这个鞋型可能偏小，所以就买的大一码的码数，正好~咨询过客服，对与脚宽一点的还是大一码舒服些~没有感觉特别大，还好，很舒服~~~,1
上脚显脚秀气，比百伦的上脚好看多了。买的37稍微大了一点，右脚鞋垫有点问题，凸出来了一点，没粘好。总的来说还是比较满意，黑色吸热，不适合夏天穿，走路脚热。,1
鞋型偏瘦，鞋底不是太软，幸好比别款运动鞋买大了一码，虽然前面大了一点点，但还是挺舒服的，还没穿着跑步，只是走了下，还不错。,1
脚背真的被抬得很高，建议购买时稍大半码。是有一些硬，有点味道，不过跑步的时候穿着还是挺舒服的，还可以吧，可能高端的一点的产品体验会更好。,1
第一次买亚瑟士的鞋子，意外的好穿，很轻也很显脚瘦，看评论说底薄还挺担心，但是穿了下感觉没有说的这么夸张，不会硌脚，正常跑步很舒适，买了大半码的刚刚好，而且价格合适，挺满意的,1
平常穿35，拍36码刚好！～～很喜欢这鞋子，百搭，型也好看～～质量好，透气，轻便！我个人觉得挺好的～,1
专业运动鞋就是不一样，跟安踏鞋子一比，上脚太舒服了，很喜欢，看评论说鞋子偏小，要拍大一码，可是我觉得按正常码拍就正好，除非脚上肉肉多。鞋子味道很大，穿几天了还是有味，不过不影响我喜欢这个品牌的鞋子,1
穿上觉得硬，但是跑了5公里后脚不累，觉得还是值得的，同买了一双耐克，觉得足弓那里比这双鞋子舒服，跑完更舒服，价格摆在这里，总之还不错,1
活动购买，很便宜，鞋子内里比较窄，整体不算很秀气，很轻，跑步用应该可以，希望好穿,1
这双鞋子的减震效果很好，但是鞋码偏小，我一般穿38码有点大，这双38的鞋子穿着有点小，不太舒服，夹脚,1
很轻，挺舒服的，平时36，这次36正好。 淘宝几年才知道原来评论85个字才会有积分。所以从今天到以后，这段话走到哪里就会复制到哪里。首先要保证质量啊，东西不赖啊。不然就用别的话来评论了。不知道这样子够不够85字。谢谢老板的认真检查。东西特别好，我不是刷评论的，我是觉得东西好我才买的，你会发现我每一家都是这么写的。因为复制一下就好了。,1
健身跑步最好穿的还是亚瑟士，包裹性稳定性很好。穿过后根本不想再穿阿迪耐克。gel系列更舒服，就是不秀气。,1
颜值巨高，超级好穿！！！！跑起来有传说中的踩屎感 ps：偏小一码（平时35这个36刚好,1
真的很舒服，特意穿过才来评价。比平时的码数大半码，鞋子非常的轻，跑步很适用。非常满意满意,1
这款鞋性价比高，虽然做工看着略粗糙，但穿着舒服，包裹性强，而且比较轻。我平时买鞋穿36或者37码。建议用中国码对应的欧码来选择。如果觉得紧可以适当松一下鞋带，会感觉舒服很多。,1
没有色差哦～确实码偏小，略窄，跑起来还是很合脚的，但是有点热！ 可能是夏天穿凉鞋习惯了&hellip;&hellip;还是凉鞋舒服呀哈哈哈哈哈哈哈，要是可以穿着凉鞋跑步和打篮球该多好呀&hellip;可惜打球的时候要穿很热的球鞋，跑步的时候要穿比较热的跑鞋&hellip;就像不想学习的时候还得背单词&hellip;不想起床的时候还是不得不下床，那就努力把不想做的事儿做好吧！！,1
宝贝和卖家描述的一样，试穿了一下，码数标准，脚感也蛮轻的，也较透气，前脚掌感觉比较轻。后脚跟感觉比较硬，说实话，两百多的鞋子偏贵了，貌似假货一样，边上那几块皮都不是真皮，之前都是买阿迪达斯的跑鞋，相比之下，感觉这双很不值，毕竟还没试跑，所以不好附加评论，一分钱一分货吧，发货和物流还算给力，懒得退了，习惯好评吧。,1
很舒服～穿着跑步～后跟感觉很软～跑了20多分钟～脚一点也不累～ 一个人的教养，说到底就是：为他人着想的善良，根植于内心的修养，无需提醒的自觉，以约束为前提的自由。做个让人感到舒服的人，尽量不给别人添麻烦，也别让他人难堪。最大程度地理解他人，学会换位思考，待人真诚，不咄咄逼人，不自以为是，不将别人置于尴尬难堪的境地。 为人一场，请一定注意分寸感，千万不要把没教养当做性子直。,1
鞋子外观很漂亮，颜色亮丽，透气，适合夏天穿，版型属于细长型，建议比平时码大一码。鞋底偏硬，个人觉得跑步和运动不太适合，没有感觉到缓冲感，走久了脚累。这是我的第四双亚瑟士鞋，客观来说，做工比之前买的三双都粗糙很多，不确定是不是正版。日常穿着没有问题，如果跑步还是买别的吧。,1
